Item#,Property,Concept1,Concept2,N_Subjects1,N_Subjects2,Familiarity1,Familiarity2,MeanAud1,MeanGus1,MeanHap1,MeanOlf1,MeanVis1,MeanAud2,MeanGus2,MeanHap2,MeanOlf2,MeanVis2,Cosine,Angle,DomMod1,Exclusivity1,DomMod2,Exclusivity2,DomModDistribution,MeanAudLC,MeanGusLC,MeanHapLC,MeanOlfLC,MeanVisLC,DomModLC,ExclusivityLC
1,abrasive,lava,sandpaper,43,43,0.95,1.00,1.27,0.07,2.37,0.46,3.83,2.35,0.26,4.81,0.09,3.37,0.92,0.41,visual,0.47,haptic,0.43,bidominant,1.68,0.58,3.68,0.58,2.89,Haptic,0.33
2,absorbent,earplugs,kitchen towel,40,41,0.98,1.00,3.51,0.15,2.69,0.13,1.95,0.07,0.02,4.29,0.29,4.37,0.69,0.81,auditory,0.40,visual,0.48,bidominant,0.71,0.48,3.14,0.48,4.14,Visual,0.41
3,aching,bones,tooth,43,42,1.00,0.98,0.98,0.02,3.91,0.05,1.05,0.41,0.68,4.34,0.12,1.02,0.98,0.21,haptic,0.65,haptic,0.64,unidominant,0.67,0.05,3.67,0.10,2.05,Haptic,0.55
4,acidic,lemon,wine,40,42,1.00,1.00,0.20,4.90,0.68,2.95,0.78,0.29,4.76,0.67,2.98,0.81,1.00,0.02,gustatory,0.49,gustatory,0.47,unidominant,0.48,4.19,1.14,2.90,2.19,Gustatory,0.34
5,acrid,smoke,vinegar,40,43,0.80,0.98,0.31,1.75,0.41,4.47,2.63,0.10,4.55,0.38,3.86,0.50,0.81,0.63,olfactory,0.43,gustatory,0.47,bidominant,0.38,3.00,0.63,3.50,1.13,Olfactory,0.36
6,adhesive,glue,tape,43,43,1.00,1.00,0.33,0.26,4.56,0.58,3.86,0.95,0.26,4.51,0.16,3.16,0.99,0.16,haptic,0.45,haptic,0.48,unidominant,1.19,0.90,4.33,1.76,3.67,Haptic,0.29
7,alcoholic,hand sanitizer,wine,41,40,1.00,1.00,0.12,1.73,2.46,4.54,1.24,0.23,4.73,0.55,4.15,1.00,0.83,0.59,olfactory,0.44,gustatory,0.42,bidominant,0.75,4.35,0.35,4.30,2.85,Gustatory,0.32
8,amber,honey,necklace,42,43,0.93,0.95,0.05,1.28,0.41,0.77,4.54,0.10,0.02,1.27,0.17,4.76,0.94,0.34,visual,0.64,visual,0.75,unidominant,0.14,0.57,0.52,0.86,4.48,Visual,0.66
9,aromatic,herbs,incense,42,40,1.00,0.98,0.21,2.52,0.62,4.81,0.83,0.21,0.51,0.33,4.92,1.56,0.92,0.40,olfactory,0.51,olfactory,0.63,unidominant,0.29,3.38,0.33,4.52,1.30,Olfactory,0.43
10,astringent,cranberries,rubbing alcohol,40,43,0.71,0.95,0.18,4.17,0.86,2.29,1.14,0.20,1.44,2.63,3.93,1.07,0.74,0.74,gustatory,0.46,olfactory,0.40,bidominant,0.38,1.75,0.50,1.25,1.63,Gustatory,0.25
11,azure,sea,swimming pool,43,43,0.84,0.81,1.17,0.17,0.50,0.64,4.42,0.17,0.14,0.97,0.51,4.46,0.97,0.24,visual,0.62,visual,0.69,unidominant,,,,,,,
12,babbling,baby,brook,41,40,1.00,0.90,4.83,0.00,0.78,0.24,3.71,4.00,0.19,1.14,0.22,3.08,0.99,0.10,auditory,0.51,auditory,0.44,unidominant,,,,,,,
13,balmy,summer night,water,42,43,0.74,0.79,0.39,0.23,3.16,1.88,2.58,0.53,2.09,2.76,1.00,2.47,0.89,0.48,haptic,0.36,haptic,0.25,unidominant,,,,,,,
14,banging,fists,guns,43,42,0.98,0.98,3.86,0.00,2.90,0.02,4.26,4.93,0.07,1.15,0.98,3.51,0.93,0.38,visual,0.39,auditory,0.46,bidominant,4.52,0.00,1.33,0.05,3.05,Auditory,0.51
15,barbecued,chicken,pork,43,40,1.00,0.99,1.84,4.26,1.84,4.47,4.28,1.95,4.00,1.51,4.45,4.40,1.00,0.05,olfactory,0.16,olfactory,0.18,unidominant,1.57,4.95,1.38,4.67,4.62,Gustatory,0.21
16,barking,army captain,dog,43,43,1.00,1.00,5.00,0.05,0.23,0.09,3.86,5.00,0.00,0.58,0.00,3.84,1.00,0.06,auditory,0.54,auditory,0.53,unidominant,5.00,0.14,0.48,0.52,3.38,Auditory,0.51
17,beautiful,girl,song,41,40,1.00,1.00,1.41,0.05,1.49,1.51,4.88,4.95,0.18,0.53,0.23,0.95,0.46,1.10,visual,0.52,auditory,0.70,bidominant,2.90,2.81,2.76,2.81,4.62,Visual,0.12
18,beeping,crosswalk,stopwatch,42,43,0.97,1.00,4.80,0.00,0.10,0.05,2.85,4.98,0.05,0.70,0.00,2.26,0.99,0.16,auditory,0.62,auditory,0.62,unidominant,4.86,0.00,0.14,0.05,1.43,Auditory,0.75
19,beery,breath,party,42,40,0.95,0.98,0.38,2.53,0.45,4.63,0.58,2.21,3.33,1.00,4.26,4.26,0.82,0.61,olfactory,0.50,olfactory,0.22,unidominant,0.63,4.26,0.89,3.53,3.16,Gustatory,0.29
20,beige,mushroom,pants,43,40,1.00,1.00,0.00,0.60,0.30,0.40,4.77,0.18,0.00,0.25,0.03,4.88,0.99,0.15,visual,0.79,visual,0.92,unidominant,0.10,0.05,0.10,0.10,4.48,Visual,0.92
21,big,skyscraper,steak,40,42,0.98,1.00,0.36,0.00,1.31,0.00,4.95,0.31,1.88,3.90,0.71,4.90,0.87,0.51,visual,0.75,visual,0.39,unidominant,1.71,0.86,4.38,0.43,4.86,Visual,0.36
22,bitter,coffee,cold,41,40,1.00,0.96,0.00,4.95,0.22,2.80,1.37,0.41,0.95,3.74,0.76,1.03,0.38,1.18,gustatory,0.53,haptic,0.48,bidominant,0.19,4.90,0.10,2.90,0.86,Gustatory,0.54
23,black,liquorice,piano,42,43,0.98,1.00,0.24,2.29,0.22,1.41,4.83,0.33,0.00,0.30,0.07,5.00,0.88,0.50,visual,0.51,visual,0.88,unidominant,0.14,0.10,0.10,0.14,4.57,Visual,0.89
24,black and white,killer whale,nun's habit,40,42,1.00,0.93,0.40,0.00,0.23,0.05,4.93,0.77,0.13,0.38,0.18,4.56,0.99,0.10,visual,0.88,visual,0.74,unidominant,,,,,,,
25,bland,sauce,skin tone,40,43,0.98,1.00,0.15,4.63,0.28,2.46,1.44,0.09,0.07,1.07,0.12,4.81,0.29,1.27,gustatory,0.50,visual,0.77,bidominant,0.81,4.81,0.43,3.62,2.10,Gustatory,0.37
26,blaring,loudspeaker,saxophone,43,43,1.00,0.98,4.98,0.00,1.79,0.00,1.35,5.00,0.00,1.02,0.00,2.38,0.97,0.23,auditory,0.61,auditory,0.59,unidominant,4.50,0.20,0.45,0.20,1.30,Auditory,0.65
27,bleating,goat,protestor,40,41,0.93,0.80,4.00,0.11,0.38,0.22,2.84,4.55,0.00,0.12,0.06,3.94,0.99,0.12,auditory,0.52,auditory,0.52,unidominant,,,,,,,
28,bleeping,cash register,cell phone,43,42,0.96,0.98,4.86,0.00,0.81,0.00,2.51,4.76,0.07,1.15,0.02,2.90,1.00,0.09,auditory,0.59,auditory,0.53,unidominant,4.95,0.10,0.19,0.14,1.67,Auditory,0.69
29,bloody,bandage,nose,40,42,1.00,1.00,0.20,1.00,2.40,1.93,5.00,0.33,1.81,3.05,1.90,4.86,0.99,0.16,visual,0.46,visual,0.38,unidominant,0.70,1.29,1.86,1.14,4.71,Visual,0.41
30,blotchy,face,painting,43,40,1.00,0.96,0.05,0.09,2.14,0.09,4.86,0.08,0.00,2.49,0.00,4.79,1.00,0.07,visual,0.67,visual,0.65,unidominant,0.43,0.38,1.67,0.24,4.62,Visual,0.60
31,blue,kingfisher,sky,43,43,0.95,1.00,0.15,0.10,0.10,0.00,4.73,0.19,0.05,0.02,0.21,5.00,1.00,0.05,visual,0.93,visual,0.91,unidominant,0.76,0.00,0.24,0.19,4.76,Visual,0.80
32,blunt,needle,sword,41,40,0.98,0.99,0.13,0.10,4.58,0.05,3.50,0.77,0.26,4.55,0.18,4.08,0.99,0.13,haptic,0.54,haptic,0.44,unidominant,0.90,0.25,4.71,0.19,4.57,Haptic,0.43
33,boiling,kettle,soup,43,42,1.00,0.98,4.60,0.51,2.51,1.14,4.49,3.68,2.63,3.49,1.80,4.85,0.94,0.35,auditory,0.31,visual,0.19,bidominant,2.76,2.10,4.05,1.00,4.43,Visual,0.24
34,booming,bass drum,fireworks,42,40,1.00,1.00,4.83,0.24,2.31,0.31,2.64,4.85,0.13,0.80,1.28,4.40,0.93,0.38,auditory,0.44,auditory,0.41,unidominant,4.57,0.10,0.95,0.10,2.10,Auditory,0.57
35,bouncy,mattress,tennis ball,43,40,1.00,0.99,1.77,0.00,4.84,0.05,3.49,2.85,0.03,3.00,0.10,4.68,0.92,0.39,haptic,0.48,visual,0.44,bidominant,2.00,0.00,3.67,0.00,3.57,Haptic,0.40
36,branching,bush,river,43,43,0.95,0.98,0.46,0.00,2.83,0.10,4.61,1.98,0.05,0.76,0.14,4.64,0.88,0.49,visual,0.58,visual,0.61,unidominant,1.20,0.05,2.45,0.10,4.10,Visual,0.51
37,braying,donkey,school mistress,40,41,0.91,0.63,3.69,0.06,0.94,0.51,3.61,2.77,0.00,0.00,0.12,2.73,0.98,0.19,auditory,0.41,auditory,0.49,unidominant,,,,,,,
38,breakable,ankle,vase,43,42,1.00,0.98,1.37,0.00,3.51,0.05,3.53,1.83,0.05,3.78,0.10,4.12,1.00,0.06,visual,0.42,visual,0.41,unidominant,2.10,0.10,4.24,0.10,4.29,Visual,0.39
39,breezy,coastline,runway,40,42,1.00,1.00,3.53,0.45,3.53,1.73,3.48,2.24,0.05,3.26,0.52,2.57,0.97,0.23,auditory,0.24,haptic,0.37,bidominant,2.95,0.05,2.76,0.57,3.00,Visual,0.32
40,bright,scarf,sunshine,43,40,1.00,0.99,0.00,0.00,0.09,0.00,4.93,0.21,0.00,1.68,0.15,4.93,0.95,0.31,visual,0.98,visual,0.71,unidominant,0.14,0.05,0.19,0.10,5.00,Visual,0.90
41,brilliant,diamond,trumpet note,43,43,1.00,1.00,0.07,0.02,1.67,0.02,4.91,4.77,0.00,0.33,0.00,0.58,0.15,1.42,visual,0.73,auditory,0.84,bidominant,3.00,2.52,2.19,2.10,3.95,Visual,0.13
42,briny,canned tuna,ocean,40,41,0.87,0.72,0.09,4.09,1.82,2.86,2.46,1.03,1.53,2.14,2.33,3.33,0.87,0.52,gustatory,0.35,visual,0.22,bidominant,0.85,3.23,1.54,2.15,2.15,Gustatory,0.24
43,bristly,broom,moustache,42,43,0.90,0.99,2.32,0.05,4.42,0.16,4.32,0.60,0.24,4.70,0.00,4.30,0.96,0.27,haptic,0.39,haptic,0.48,unidominant,1.95,1.05,4.65,0.20,4.30,Haptic,0.37
44,brittle,bones,wine glass,42,40,1.00,0.97,1.81,0.57,3.76,0.17,2.88,1.15,0.49,3.84,0.05,2.85,0.99,0.13,haptic,0.39,haptic,0.45,unidominant,1.52,0.38,3.95,0.05,3.43,Haptic,0.42
45,broad,shoulders,vista,40,43,0.99,0.72,0.08,0.03,3.88,0.05,4.85,0.48,0.00,0.87,0.23,4.13,0.89,0.48,visual,0.54,visual,0.72,unidominant,0.95,0.19,3.10,0.29,4.05,Visual,0.45
46,broken,cracker,mirror,43,43,1.00,1.00,3.30,1.56,3.74,0.30,4.81,3.21,0.09,3.56,0.00,4.88,0.98,0.21,visual,0.33,visual,0.42,unidominant,3.19,0.48,4.33,0.48,4.86,Visual,0.33
47,bronze,medal,statue,40,41,1.00,1.00,0.18,0.63,1.50,0.53,4.70,0.34,0.49,1.56,0.83,4.85,1.00,0.07,visual,0.60,visual,0.56,unidominant,0.14,0.29,0.81,0.62,4.33,Visual,0.68
48,brown,chestnut,monkey,42,43,0.98,1.00,0.22,0.49,0.39,0.37,4.93,0.53,0.00,0.53,0.23,5.00,0.99,0.12,visual,0.74,visual,0.79,unidominant,0.10,0.33,0.19,0.24,4.71,Visual,0.83
49,bubbling,champagne,tea kettle,42,40,1.00,1.00,2.79,3.86,1.98,1.05,4.38,4.55,0.73,1.85,1.28,4.35,0.86,0.54,visual,0.24,auditory,0.30,bidominant,,,,,,,
50,bulky,sofa,sweater,43,40,1.00,0.99,0.37,0.00,4.44,0.14,4.47,0.13,0.05,4.43,0.05,4.48,1.00,0.04,visual,0.47,visual,0.48,unidominant,0.57,0.33,3.76,0.10,4.43,Visual,0.47
51,bumpy,cauliflower,flight,43,43,1.00,1.00,0.19,2.09,4.81,0.14,4.40,2.30,0.00,4.35,0.00,3.00,0.88,0.51,haptic,0.40,haptic,0.45,unidominant,1.24,0.65,4.48,0.05,4.10,Haptic,0.42
52,burning,candle,toast,41,40,1.00,1.00,0.78,0.12,3.00,3.66,4.78,1.28,3.55,2.15,4.80,4.40,0.88,0.50,visual,0.38,olfactory,0.22,bidominant,1.71,2.52,3.62,4.43,4.05,Olfactory,0.17
53,burnt,finger,pancake,43,42,0.98,0.98,0.98,0.48,4.51,2.36,4.26,0.78,4.56,2.32,4.46,4.41,0.78,0.68,haptic,0.32,gustatory,0.23,bidominant,0.48,4.05,2.38,4.57,4.19,Olfactory,0.26
54,bursting,balloon,bubble,40,42,1.00,1.00,4.95,0.05,2.38,0.23,4.53,3.12,0.48,2.98,0.29,4.62,0.96,0.27,auditory,0.40,visual,0.38,bidominant,2.76,1.19,3.24,1.00,4.24,Visual,0.26
55,buttery,lotion,popcorn,43,40,1.00,1.00,0.05,0.60,4.79,2.09,2.91,0.31,4.88,3.48,3.83,3.75,0.80,0.65,haptic,0.45,gustatory,0.28,bidominant,0.10,4.90,1.81,3.19,3.10,Gustatory,0.37
56,buzzing,bumblebee,classroom,41,40,1.00,1.00,4.76,0.00,1.20,0.05,3.00,4.63,0.05,0.43,0.20,3.18,0.99,0.14,auditory,0.53,auditory,0.54,unidominant,4.71,0.14,1.71,0.05,1.81,Auditory,0.55
57,caramelised,peanut,sugar,41,40,1.00,1.00,0.71,4.37,2.61,3.37,3.93,0.85,4.35,1.98,3.40,3.90,1.00,0.09,gustatory,0.24,gustatory,0.24,unidominant,0.29,4.38,1.43,3.90,3.52,Gustatory,0.30
58,charred,bones,lamb chop,42,43,0.88,0.87,1.62,0.89,2.57,2.35,4.00,1.14,4.27,2.70,3.76,4.41,0.89,0.46,visual,0.27,visual,0.20,unidominant,0.16,2.42,1.68,3.32,3.68,Visual,0.31
59,cheesy,enchilada,feet,42,40,1.00,0.86,0.40,4.81,2.57,3.40,4.02,0.09,0.94,1.12,3.74,1.74,0.82,0.61,gustatory,0.29,olfactory,0.48,bidominant,0.67,4.71,0.48,4.19,3.05,Gustatory,0.32
60,chequered,chess board,kitchen towel,43,40,0.98,0.91,0.48,0.00,0.79,0.00,4.88,0.31,0.03,1.06,0.14,4.59,1.00,0.08,visual,0.79,visual,0.75,unidominant,0.11,0.00,0.26,0.00,4.47,Visual,0.92
61,chewy,beef jerky,gummy bear,43,42,0.98,0.98,0.62,4.57,3.24,0.90,2.48,1.00,4.29,3.88,0.46,2.54,0.99,0.14,gustatory,0.33,gustatory,0.31,unidominant,1.33,4.48,2.05,0.62,2.57,Gustatory,0.35
62,chilly,cave,morning,41,40,1.00,1.00,0.93,0.15,4.29,1.02,2.46,0.48,0.40,4.45,1.38,2.75,0.99,0.12,haptic,0.47,haptic,0.43,unidominant,0.67,1.29,4.19,0.57,2.95,Haptic,0.37
63,chiming,bells,clock,43,42,1.00,0.98,4.79,0.07,0.77,0.07,2.74,4.98,0.05,0.29,0.15,2.68,1.00,0.09,auditory,0.56,auditory,0.60,unidominant,,,,,,,
64,chirping,cricket,sparrow,42,40,1.00,1.00,4.62,0.02,0.45,0.10,1.71,4.80,0.00,0.33,0.00,3.08,0.98,0.22,auditory,0.67,auditory,0.59,unidominant,,,,,,,
65,chocolatey,brownie,skin,43,40,1.00,0.99,0.07,4.88,1.58,3.65,3.74,0.08,1.26,1.48,1.26,4.35,0.81,0.62,gustatory,0.35,visual,0.51,bidominant,0.33,4.95,1.00,4.52,4.19,Gustatory,0.31
66,chubby,infant,kitten,43,43,1.00,1.00,0.23,0.05,4.14,0.14,4.98,0.42,0.12,4.21,0.16,4.95,1.00,0.03,visual,0.52,visual,0.49,unidominant,0.43,0.19,4.10,0.57,4.95,Visual,0.47
67,circular,coaster,mint,40,41,1.00,0.95,0.55,0.08,3.68,0.08,4.78,0.05,1.87,4.13,0.23,4.90,0.96,0.29,visual,0.51,visual,0.43,unidominant,0.14,0.10,3.86,0.00,4.76,Visual,0.54
68,citrusy,bath foam,lemonade,42,43,0.95,1.00,0.23,1.93,0.65,4.08,1.13,0.09,4.81,0.74,3.26,1.88,0.87,0.51,olfactory,0.48,gustatory,0.44,bidominant,0.05,5.00,0.57,3.95,2.57,Gustatory,0.41
69,clammy,hand,weather,40,42,0.98,0.96,0.10,0.38,4.90,0.69,2.67,1.15,0.53,3.23,1.53,3.34,0.92,0.41,haptic,0.55,visual,0.29,bidominant,0.40,0.60,4.35,1.45,2.75,Haptic,0.41
70,clamorous,cafeteria,children,42,43,0.88,0.88,4.43,0.41,0.65,1.32,4.30,4.24,0.03,0.82,0.39,4.00,0.99,0.16,auditory,0.36,auditory,0.44,unidominant,2.38,0.13,2.88,0.88,2.25,Haptic,0.32
71,clanging,cow bell,pans,43,43,0.98,1.00,4.98,0.02,0.95,0.10,3.17,4.93,0.05,1.35,0.05,3.70,1.00,0.09,auditory,0.54,auditory,0.48,unidominant,,,,,,,
72,clean,bed sheets,desk,43,43,1.00,1.00,0.28,0.37,3.49,4.30,4.19,0.16,0.09,4.23,1.14,4.98,0.88,0.50,olfactory,0.32,visual,0.46,bidominant,0.57,1.81,3.33,3.81,4.62,Visual,0.29
73,clear,fluid,screen,42,43,0.98,1.00,0.17,0.78,0.76,0.37,4.88,0.12,0.05,1.37,0.02,4.84,0.98,0.20,visual,0.68,visual,0.75,unidominant,2.52,0.57,1.24,1.05,4.52,Visual,0.40
74,clicking,camera,heels,42,40,1.00,1.00,4.57,0.12,2.36,0.02,2.90,4.85,0.03,1.28,0.00,3.83,0.97,0.23,auditory,0.46,auditory,0.49,unidominant,,,,,,,
75,cloudy,apple juice,day,40,43,0.96,1.00,0.11,2.18,0.55,0.53,4.13,0.28,0.35,0.74,0.88,4.88,0.92,0.41,visual,0.54,visual,0.64,unidominant,0.14,0.33,0.29,0.14,4.71,Visual,0.81
76,cloying,heat,sweet,43,43,0.73,0.49,0.23,0.35,3.69,0.82,1.77,0.05,3.19,0.52,2.05,1.00,0.39,1.17,haptic,0.50,gustatory,0.46,bidominant,0.33,3.33,1.75,2.33,1.67,Gustatory,0.32
77,coarse,brush strokes,burlap,40,41,1.00,0.85,1.13,0.25,3.93,0.08,3.83,0.29,0.17,4.49,0.26,3.69,0.98,0.18,haptic,0.42,haptic,0.49,unidominant,,,,,,,
78,coconutty,pina colada,sun cream,42,43,0.95,0.98,0.20,4.73,0.45,3.38,1.68,0.17,1.60,1.00,4.50,1.38,0.83,0.59,gustatory,0.43,olfactory,0.50,bidominant,0.19,4.67,1.52,3.62,3.62,Gustatory,0.33
79,cold,ice cream,snow ball,40,42,1.00,1.00,0.25,4.85,4.43,0.80,2.58,0.38,2.43,4.93,0.71,2.24,0.94,0.35,gustatory,0.36,haptic,0.43,bidominant,0.76,2.38,4.67,0.95,2.86,Haptic,0.34
80,colorful,magazine,parrot,40,43,0.98,1.00,0.13,0.00,0.10,0.05,4.93,0.23,0.02,0.12,0.02,5.00,1.00,0.02,visual,0.95,visual,0.92,unidominant,,,,,,,
81,colossal,skyscraper,whale,43,43,1.00,1.00,0.56,0.00,1.21,0.02,4.95,1.51,0.09,2.47,0.02,4.79,0.96,0.28,visual,0.73,visual,0.54,unidominant,1.69,0.31,2.29,0.56,4.88,Visual,0.47
82,compact,suitcase,thighs,41,40,1.00,0.98,0.29,0.00,3.34,0.02,4.63,0.23,0.15,4.00,0.00,3.90,0.98,0.18,visual,0.56,haptic,0.48,bidominant,0.48,0.29,2.90,0.19,4.76,Visual,0.53
83,conical,icecream waffle,volcano,42,43,0.95,0.86,0.15,1.28,4.08,0.33,4.70,1.00,0.08,1.41,0.54,4.57,0.88,0.49,visual,0.43,visual,0.59,unidominant,0.15,0.08,4.08,0.00,4.69,Visual,0.52
84,contoured,computer mouse,ferrari,42,40,0.95,0.93,1.03,0.15,4.15,0.20,4.18,1.43,0.00,3.32,0.30,4.54,0.99,0.17,visual,0.41,visual,0.47,unidominant,0.35,0.05,3.60,0.10,4.15,Visual,0.50
85,cooing,mother,pigeon,43,40,0.98,0.96,4.21,0.07,0.83,0.19,3.50,4.69,0.03,0.24,0.08,3.10,0.99,0.16,auditory,0.47,auditory,0.57,unidominant,4.84,0.00,0.11,0.00,2.16,Auditory,0.68
86,cool,evening,soda,43,43,1.00,1.00,0.86,0.35,4.47,1.35,2.33,0.16,4.30,4.60,0.33,2.21,0.78,0.67,haptic,0.44,haptic,0.38,unidominant,0.38,1.86,4.33,0.29,2.43,Haptic,0.44
87,crackling,campfire,chips bag,40,41,1.00,1.00,4.60,0.28,1.10,2.65,4.23,4.90,1.05,2.83,0.80,3.15,0.91,0.43,auditory,0.34,auditory,0.32,unidominant,4.29,1.33,1.38,0.90,2.81,Auditory,0.32
88,craggy,peak,visage,43,42,0.68,0.33,0.87,0.10,2.43,0.21,4.17,0.29,0.00,1.86,0.43,3.43,0.99,0.13,visual,0.52,visual,0.57,unidominant,1.00,0.13,2.67,0.13,3.47,Visual,0.45
89,crashing,house of cards,waves,42,40,1.00,1.00,3.00,0.14,2.12,0.05,4.60,4.75,0.53,2.70,1.35,4.80,0.97,0.26,visual,0.46,visual,0.30,unidominant,4.57,0.14,1.24,0.52,4.62,Visual,0.40
90,creaking,branch,floorboard,43,40,1.00,0.99,4.67,0.00,1.49,0.19,3.16,4.53,0.00,2.13,0.10,1.79,0.97,0.26,auditory,0.49,auditory,0.53,unidominant,4.48,0.00,1.14,0.00,2.05,Auditory,0.58
91,creamy,body lotion,cheesecake,43,43,1.00,1.00,0.53,0.51,4.84,1.23,3.79,0.12,4.56,2.77,1.16,3.35,0.74,0.74,haptic,0.40,gustatory,0.37,bidominant,0.19,4.48,2.76,2.38,3.81,Gustatory,0.31
92,creased,newspaper,pants,40,41,1.00,0.98,2.20,0.00,3.83,0.08,4.53,0.50,0.00,3.78,0.20,4.40,0.96,0.27,visual,0.43,visual,0.50,unidominant,0.15,0.15,3.65,0.15,4.70,Visual,0.52
93,crimson,cherry,curtain,43,42,0.89,0.89,0.05,1.55,0.71,1.00,4.72,0.14,0.05,0.51,0.05,4.84,0.94,0.36,visual,0.58,visual,0.86,unidominant,0.19,0.05,0.29,0.10,4.43,Visual,0.87
94,crinkled,fabric,paper,40,42,1.00,1.00,1.60,0.00,3.93,0.05,4.58,4.00,0.19,4.10,0.21,4.40,0.95,0.33,visual,0.45,visual,0.33,unidominant,2.71,0.90,4.62,0.24,4.62,Visual,0.33
95,crisp,air,lettuce,40,43,1.00,1.00,0.90,0.75,2.60,3.13,1.15,3.51,4.49,3.95,1.16,3.72,0.71,0.78,olfactory,0.28,gustatory,0.20,bidominant,2.05,2.67,3.38,1.14,3.10,Haptic,0.18
96,crooked,gait,nose,43,43,0.77,1.00,1.36,0.06,2.21,0.03,4.70,0.09,0.05,3.63,0.02,4.86,0.95,0.31,visual,0.56,visual,0.56,unidominant,0.62,0.19,3.57,0.14,4.48,Visual,0.48
97,crowded,airport,elevator,41,40,1.00,1.00,4.51,0.07,3.00,1.41,4.95,3.15,0.08,3.90,1.58,4.75,0.98,0.22,visual,0.35,visual,0.35,unidominant,3.71,0.00,2.29,0.76,4.62,Visual,0.41
98,crunching,cookies,gravel path,42,43,0.98,0.93,4.17,3.34,3.44,0.49,3.17,4.70,0.03,3.08,0.23,2.95,0.88,0.50,auditory,0.25,auditory,0.43,unidominant,3.71,3.05,2.14,0.43,2.14,Auditory,0.29
99,crying,child,woman,42,40,1.00,1.00,4.83,0.10,1.52,0.40,4.43,4.73,0.15,1.73,0.05,4.85,1.00,0.08,auditory,0.42,visual,0.42,bidominant,4.48,0.14,1.24,0.05,4.43,Auditory,0.43
100,curly,fries,hair,40,43,0.99,1.00,0.23,2.88,3.85,0.72,4.75,0.07,0.07,4.02,0.12,4.88,0.91,0.44,visual,0.36,visual,0.53,unidominant,0.00,0.29,3.86,0.00,4.76,Visual,0.53
101,curved,cookie cutter,female body,43,43,0.98,1.00,0.21,0.24,4.12,0.14,4.86,0.09,0.09,4.21,0.02,4.86,1.00,0.04,visual,0.49,visual,0.52,unidominant,0.10,0.11,3.95,0.00,4.50,Visual,0.52
102,cute,baby,puppy,40,41,1.00,1.00,3.08,0.18,1.98,0.83,4.85,2.39,0.00,3.05,0.83,4.98,0.98,0.20,visual,0.43,visual,0.44,unidominant,3.14,0.38,1.67,0.81,4.76,Visual,0.41
103,damp,fog,towel,43,42,1.00,0.98,0.21,0.70,3.72,1.77,3.09,0.68,0.59,4.80,2.51,3.34,0.99,0.12,haptic,0.37,haptic,0.35,unidominant,0.38,0.38,4.14,3.14,3.81,Haptic,0.32
104,dank,basement,environment,40,42,0.85,0.91,0.88,0.44,1.65,2.68,3.53,0.87,0.36,1.89,2.63,3.61,1.00,0.05,visual,0.34,visual,0.35,unidominant,0.87,0.73,1.18,2.80,3.47,Visual,0.30
105,dappled,shade,sunlight,43,40,0.65,0.64,0.39,0.29,0.96,0.11,4.43,0.20,0.04,1.19,0.12,4.50,1.00,0.08,visual,0.70,visual,0.74,unidominant,0.57,0.21,1.86,0.29,4.00,Visual,0.55
106,dark,chocolate,dungeon,43,43,1.00,1.00,0.02,4.02,0.19,2.40,4.56,0.42,0.14,0.56,0.33,4.98,0.73,0.75,visual,0.41,visual,0.75,unidominant,0.71,0.52,0.19,0.19,4.43,Visual,0.70
107,dazzling,headlight,performance,41,40,1.00,1.00,0.20,0.00,0.24,0.02,4.78,3.60,0.03,0.73,0.28,4.78,0.82,0.61,visual,0.91,visual,0.51,unidominant,0.62,0.10,0.38,0.24,4.90,Visual,0.77
108,dead,bird,silence,42,43,0.98,0.98,1.12,0.51,2.34,2.56,4.90,4.36,0.02,0.60,0.24,1.67,0.52,1.02,visual,0.38,auditory,0.63,bidominant,1.38,0.24,2.43,2.33,4.10,Visual,0.37
109,deafening,battle cry,roar,42,40,1.00,0.98,4.52,0.14,0.43,0.17,2.40,5.00,0.00,0.62,0.08,1.23,0.97,0.25,auditory,0.57,auditory,0.72,unidominant,5.00,0.05,0.19,0.00,1.24,Auditory,0.77
110,deep,color,well,40,43,0.96,1.00,0.08,0.00,0.24,0.05,4.90,2.86,0.09,1.67,0.30,4.58,0.83,0.59,visual,0.93,visual,0.47,unidominant,2.10,0.29,3.62,0.38,4.43,Visual,0.38
111,delicious,dessert,perfume,43,43,1.00,1.00,0.35,4.98,0.72,3.60,3.40,0.19,1.23,0.14,4.56,0.60,0.74,0.74,gustatory,0.35,olfactory,0.66,bidominant,1.33,4.71,1.33,4.19,3.38,Gustatory,0.23
112,dim,memory,twilight,43,43,0.98,1.00,1.57,0.71,0.95,0.86,2.36,0.28,0.00,0.02,0.02,4.84,0.77,0.69,visual,0.25,visual,0.94,unidominant,0.81,0.25,0.10,0.19,4.33,Visual,0.75
113,dirty,hands,sheets,42,43,0.98,1.00,0.20,1.46,3.85,3.24,4.41,0.19,0.33,3.23,3.40,4.56,0.98,0.19,visual,0.32,visual,0.37,unidominant,0.48,1.29,2.71,3.52,4.81,Visual,0.34
114,downy,baby's head,chick,42,40,0.76,0.68,0.41,0.19,3.47,0.50,3.59,1.11,0.14,2.70,0.30,3.93,0.98,0.22,visual,0.42,visual,0.46,unidominant,0.13,0.13,2.75,0.00,3.33,Visual,0.52
115,drab,curtains,social occasion,40,43,0.93,0.96,0.57,0.05,2.14,0.41,4.63,3.41,0.05,0.37,0.40,4.41,0.81,0.63,visual,0.59,visual,0.50,unidominant,1.26,1.37,1.11,0.74,4.11,Visual,0.39
116,dry,biscuit,riverbed,43,43,1.00,0.98,0.30,4.91,3.58,0.84,3.00,1.69,0.33,3.00,0.74,4.57,0.69,0.81,gustatory,0.36,visual,0.41,bidominant,0.33,2.52,4.29,0.43,3.57,Haptic,0.35
117,dull,sky,thud,40,41,1.00,0.98,0.50,0.10,0.28,0.38,4.88,3.70,0.00,1.20,0.05,1.70,0.50,1.05,visual,0.78,auditory,0.56,bidominant,2.33,1.24,0.57,1.19,4.29,Visual,0.39
118,dusty,plains,window-sill,43,42,0.95,0.98,0.93,1.05,3.00,2.27,4.68,0.20,0.37,4.07,0.90,4.73,0.95,0.32,visual,0.31,visual,0.44,unidominant,0.05,0.38,3.38,1.19,4.29,Visual,0.46
119,earthy,pigment,potato,42,40,0.98,1.00,0.15,0.54,1.44,0.85,4.26,0.00,3.38,2.93,2.48,3.15,0.78,0.68,visual,0.57,gustatory,0.28,bidominant,1.05,2.00,3.43,3.10,3.95,Visual,0.21
120,echoing,metro station,well,43,40,1.00,0.98,4.93,0.02,0.77,0.21,1.63,4.90,0.00,0.44,0.13,0.74,0.98,0.18,auditory,0.65,auditory,0.79,unidominant,4.71,0.00,0.33,0.00,0.52,Auditory,0.85
121,eggy,breath,hot spring,43,43,0.93,0.91,0.30,2.20,0.30,4.25,0.50,0.59,0.59,1.46,2.92,2.51,0.77,0.70,olfactory,0.52,olfactory,0.29,unidominant,0.14,4.38,1.05,4.33,2.86,Gustatory,0.33
122,elastic,hairband,pizza dough,41,40,1.00,1.00,0.83,0.00,4.68,0.05,3.88,0.08,2.13,4.48,0.33,3.80,0.93,0.37,haptic,0.50,haptic,0.41,unidominant,1.95,0.62,4.57,0.67,3.81,Haptic,0.34
123,elegant,dress,film star,42,43,0.98,1.00,0.56,0.05,2.78,0.20,4.95,2.30,0.00,0.74,0.58,4.88,0.88,0.49,visual,0.57,visual,0.57,unidominant,1.86,0.67,1.52,1.10,4.76,Visual,0.41
124,empty,coke bottle,milk carton,42,40,1.00,1.00,1.50,2.24,3.21,0.31,4.93,2.33,0.75,3.73,0.53,4.38,0.96,0.29,visual,0.38,visual,0.33,unidominant,1.65,0.25,3.60,0.15,4.75,Visual,0.44
125,enormous,elephant,mess,40,43,0.99,1.00,2.05,0.03,2.97,0.33,4.95,0.60,0.12,1.86,1.37,4.91,0.94,0.35,visual,0.48,visual,0.54,unidominant,1.19,0.10,3.86,0.33,4.76,Visual,0.46
126,faint,trace,whiff,43,43,0.95,0.91,1.85,1.02,1.61,1.46,3.88,0.87,0.59,0.38,3.41,0.79,0.60,0.92,visual,0.29,olfactory,0.50,bidominant,2.33,1.43,0.62,1.86,2.76,Visual,0.24
127,falling,darkness,rain,41,40,1.00,1.00,0.80,0.07,0.32,0.39,4.68,4.30,1.25,4.35,2.38,4.73,0.72,0.77,visual,0.74,visual,0.20,unidominant,3.00,0.19,1.81,0.19,4.86,Visual,0.46
128,fat,belly,hamburger,42,43,0.98,1.00,0.39,0.02,4.22,0.10,4.85,0.56,3.81,3.19,2.44,4.60,0.78,0.67,visual,0.50,visual,0.28,unidominant,0.38,1.55,3.76,0.95,4.62,Visual,0.38
129,fatty,croissant,raw meat,40,42,1.00,1.00,0.20,4.10,2.23,2.05,2.78,0.21,3.12,2.83,1.17,4.21,0.94,0.34,gustatory,0.34,visual,0.35,bidominant,0.33,4.38,1.86,1.71,3.67,Gustatory,0.34
130,fetid,socks,swamp,40,43,0.62,0.72,0.08,0.48,2.20,3.48,2.83,0.58,0.42,1.61,3.58,3.55,0.98,0.20,olfactory,0.37,olfactory,0.32,unidominant,,,,,,,
131,feverish,eyes,forehead,43,43,0.98,1.00,0.00,0.02,0.86,0.00,4.26,0.09,0.00,4.77,0.09,1.95,0.55,0.98,visual,0.83,haptic,0.69,bidominant,0.67,0.24,3.19,0.29,2.86,Haptic,0.41
132,filthy,bed linen,hair,41,40,1.00,1.00,0.07,0.32,3.24,3.80,4.51,0.15,0.80,4.28,3.90,4.55,0.99,0.13,visual,0.37,visual,0.32,unidominant,0.38,0.24,2.00,2.43,4.86,Visual,0.47
133,flaky,pastry,snow,42,43,0.98,1.00,1.00,4.07,4.10,0.54,4.29,0.93,1.23,3.98,0.51,4.40,0.92,0.39,visual,0.27,visual,0.35,unidominant,1.19,1.71,3.95,0.33,3.76,Haptic,0.33
134,flat,envelope,soft drink,42,40,1.00,1.00,0.19,0.24,4.57,0.14,4.79,1.63,4.93,0.73,0.88,2.38,0.42,1.13,visual,0.47,gustatory,0.40,bidominant,0.86,0.52,4.14,0.05,4.52,Visual,0.44
135,fleshy,bosom,nectarine,43,40,0.91,0.94,0.31,0.23,4.05,0.36,4.49,0.22,3.95,3.92,1.21,3.59,0.82,0.61,visual,0.45,gustatory,0.29,bidominant,0.10,2.15,3.57,0.90,4.29,Visual,0.38
136,flexible,drinking straw,ruler,43,43,1.00,1.00,0.53,0.40,4.53,0.00,4.09,0.42,0.02,4.63,0.02,4.05,1.00,0.07,haptic,0.47,haptic,0.50,unidominant,,,,,,,
137,flickering,fluorescent lighting,traffic light,41,40,1.00,1.00,1.93,0.02,0.41,0.12,4.78,1.00,0.00,0.18,0.00,4.95,0.98,0.19,visual,0.65,visual,0.81,unidominant,1.29,0.10,0.57,0.10,4.76,Visual,0.69
138,floppy,elephant ears,tortilla,43,40,1.00,0.97,0.72,0.02,2.86,0.07,4.88,1.00,2.62,4.38,0.66,4.08,0.88,0.50,visual,0.57,haptic,0.29,bidominant,0.14,0.24,4.19,0.14,4.24,Visual,0.46
139,floral,incense,wall paper,42,40,0.95,1.00,0.20,0.93,0.55,4.58,1.05,0.10,0.05,0.55,0.30,4.88,0.29,1.28,olfactory,0.60,visual,0.82,bidominant,0.14,1.35,1.52,3.81,4.81,Visual,0.40
140,flowery,hat,perfume,40,43,0.99,1.00,0.08,0.08,2.53,1.15,4.85,0.07,0.88,0.07,4.95,0.49,0.29,1.27,visual,0.55,olfactory,0.76,bidominant,0.00,0.57,1.86,3.90,4.43,Visual,0.41
141,fluffy,cotton ball,whipped cream,43,43,1.00,1.00,0.23,0.49,4.93,0.12,4.44,0.65,3.95,3.98,0.53,4.37,0.86,0.53,haptic,0.47,visual,0.28,bidominant,0.33,1.10,4.57,0.33,4.05,Haptic,0.41
142,foamy,dishwater,sea shore,40,41,0.98,1.00,0.79,0.87,4.21,1.38,4.74,1.49,0.49,3.68,1.34,4.71,0.99,0.14,visual,0.33,visual,0.36,unidominant,0.29,1.19,3.67,0.43,4.52,Visual,0.42
143,foggy,glasses,riverbank,42,43,0.98,1.00,0.15,0.10,1.98,0.20,4.85,0.67,0.40,1.88,1.26,4.77,0.97,0.23,visual,0.65,visual,0.49,unidominant,0.33,0.10,0.81,0.48,4.76,Visual,0.72
144,forked,lightning,tongue,42,40,0.95,0.81,1.53,0.20,0.40,0.15,4.55,0.33,0.66,3.06,0.09,4.03,0.82,0.61,visual,0.64,visual,0.48,unidominant,0.29,0.24,3.43,0.10,4.05,Visual,0.49
145,fragrant,bouquet,cinnamon,43,43,1.00,1.00,0.16,0.58,0.63,4.65,1.74,0.05,2.67,0.26,4.77,0.67,0.90,0.45,olfactory,0.58,olfactory,0.56,unidominant,0.24,2.76,0.24,5.00,0.95,Olfactory,0.52
146,freezing,hail,mountain pass,43,43,1.00,1.00,1.58,1.58,4.72,0.42,3.53,0.67,0.26,4.02,0.40,3.60,0.97,0.26,haptic,0.36,haptic,0.42,unidominant,0.67,2.10,4.76,0.62,3.95,Haptic,0.34
147,fresh,breath,rain,40,41,1.00,1.00,0.33,2.98,0.55,4.83,0.58,2.15,1.61,3.12,3.93,3.20,0.75,0.73,olfactory,0.49,olfactory,0.17,unidominant,1.00,4.10,2.43,4.52,3.95,Olfactory,0.22
148,frosty,grass,night,40,43,0.99,0.98,0.72,0.21,3.85,0.75,4.60,1.19,0.40,3.74,1.36,3.93,0.99,0.17,visual,0.43,visual,0.33,unidominant,1.05,0.95,3.76,0.86,4.05,Visual,0.30
149,fruity,bubble bath,candy,42,40,1.00,1.00,0.45,1.45,0.62,4.40,1.45,0.03,4.88,0.28,3.98,2.33,0.85,0.55,olfactory,0.47,gustatory,0.42,bidominant,0.24,4.76,0.90,4.43,3.24,Gustatory,0.33
150,fuzzy,chick,photograph,40,43,0.99,1.00,0.46,0.05,4.43,0.10,4.43,0.00,0.00,0.26,0.00,4.91,0.74,0.74,haptic,0.46,visual,0.95,bidominant,1.57,0.29,3.05,0.00,3.67,Visual,0.43
151,gamy,pheasant,venison,43,43,0.58,0.74,0.72,2.76,0.96,1.32,2.48,0.31,2.84,1.22,1.31,1.84,0.98,0.19,gustatory,0.25,gustatory,0.34,unidominant,0.43,2.21,2.79,2.07,2.79,Haptic,0.23
152,garlicky,breath,curry,41,40,1.00,1.00,0.05,2.05,0.15,4.88,0.54,0.18,4.90,0.53,4.30,1.78,0.89,0.48,olfactory,0.63,gustatory,0.40,bidominant,0.14,4.95,0.14,4.43,2.14,Gustatory,0.41
153,gigantic,storm,tree,42,43,0.98,1.00,4.27,0.29,2.10,1.07,4.93,0.72,0.05,3.26,0.67,4.98,0.84,0.57,visual,0.37,visual,0.51,unidominant,1.38,0.14,3.29,0.19,4.71,Visual,0.47
154,giggling,baby,girls,40,42,1.00,1.00,4.83,0.15,1.35,0.25,4.53,4.79,0.10,0.45,0.17,4.55,0.99,0.13,auditory,0.42,auditory,0.47,unidominant,4.71,0.00,0.57,0.00,3.95,Auditory,0.51
155,glamorous,dress,party,40,43,0.99,1.00,0.64,0.05,2.83,0.05,4.88,3.74,1.05,1.19,1.33,4.77,0.80,0.64,visual,0.57,visual,0.31,unidominant,1.71,0.24,1.57,1.24,4.67,Visual,0.47
156,glistening,diamond,waterfall,43,43,1.00,1.00,0.09,0.02,0.49,0.00,4.88,2.14,0.23,0.93,0.49,4.91,0.92,0.41,visual,0.89,visual,0.54,unidominant,0.95,0.14,0.62,0.19,4.38,Visual,0.67
157,glittery,paint,scarf,40,41,1.00,1.00,0.05,0.10,1.58,0.13,4.83,0.15,0.02,2.66,0.05,4.78,0.98,0.19,visual,0.72,visual,0.62,unidominant,0.76,0.05,2.00,0.10,4.67,Visual,0.61
158,glossy,fur,lipstick,43,42,0.98,0.98,0.43,0.14,3.88,0.43,4.64,0.29,1.80,3.73,0.83,4.66,0.96,0.28,visual,0.47,visual,0.39,unidominant,0.38,0.48,3.76,0.33,4.81,Visual,0.46
159,glowing,cheeks,firefly,42,40,0.98,1.00,0.17,0.15,1.88,0.12,4.76,0.55,0.10,0.38,0.03,4.93,0.95,0.31,visual,0.66,visual,0.82,unidominant,0.43,0.14,0.52,0.29,4.57,Visual,0.74
160,gold,bracelet,honey,43,40,1.00,0.98,0.47,0.26,1.60,0.35,4.84,0.08,1.23,0.33,0.49,4.83,0.95,0.33,visual,0.61,visual,0.68,unidominant,0.14,0.14,1.05,0.24,4.52,Visual,0.72
161,gooey,dough,porridge,40,42,1.00,1.00,0.58,2.90,4.78,0.65,3.80,0.79,4.21,3.98,0.98,4.12,0.98,0.22,haptic,0.33,gustatory,0.24,bidominant,1.57,2.62,4.67,0.71,4.24,Haptic,0.29
162,gorgeous,pair of shoes,song,40,41,1.00,1.00,0.48,0.03,2.38,0.68,4.93,4.78,0.07,0.15,0.05,0.88,0.26,1.31,visual,0.58,auditory,0.80,bidominant,1.48,2.52,2.19,2.86,4.90,Visual,0.25
163,grainy,photograph,sugar,43,42,0.95,0.98,0.29,0.00,1.51,0.12,4.78,1.17,3.44,4.54,0.17,3.90,0.74,0.74,visual,0.71,haptic,0.33,bidominant,1.24,2.33,4.19,0.48,3.43,Haptic,0.32
164,granular,black pepper,washing powder,40,42,0.93,0.95,0.76,3.05,3.81,0.59,4.03,0.78,1.13,4.13,0.70,3.93,0.95,0.31,visual,0.28,haptic,0.32,bidominant,,,,,,,
165,grassy,green tea,hill,43,40,0.96,0.99,0.07,4.54,0.80,2.68,2.00,0.54,0.26,3.78,1.78,4.70,0.51,1.03,gustatory,0.44,visual,0.40,bidominant,0.20,0.33,3.24,3.00,4.62,Visual,0.39
166,gray,elephant,pebble,43,43,1.00,1.00,0.12,0.02,0.09,0.00,5.00,0.07,0.02,0.30,0.02,4.95,1.00,0.04,visual,0.96,visual,0.92,unidominant,,,,,,,
167,greasy,cheeseburger,hair wax,41,40,1.00,1.00,0.39,4.63,4.05,2.68,4.27,0.30,0.48,4.83,1.35,3.98,0.83,0.59,gustatory,0.26,haptic,0.41,bidominant,0.19,3.81,3.95,2.33,3.76,Haptic,0.27
168,green,broccoli,grass,43,42,1.00,0.98,0.00,1.42,0.65,0.60,4.84,0.22,0.32,1.15,1.54,4.88,0.96,0.30,visual,0.64,visual,0.58,unidominant,0.24,0.52,0.38,0.71,4.95,Visual,0.69
169,grinding,pepper mill,teeth,42,40,0.98,1.00,3.83,0.61,1.76,1.93,4.07,4.50,0.13,2.03,0.03,3.53,0.94,0.35,visual,0.28,auditory,0.44,bidominant,,,,,,,
170,gritty,footpath,sand,43,40,0.98,0.99,2.05,0.10,3.88,0.43,4.14,0.92,1.23,4.68,0.13,3.53,0.95,0.32,visual,0.38,haptic,0.43,bidominant,1.86,1.86,4.33,0.19,3.48,Haptic,0.35
171,groaning,floorboard,patient,43,43,0.95,1.00,4.68,0.00,2.02,0.00,1.49,4.88,0.00,0.40,0.02,3.30,0.91,0.43,auditory,0.57,auditory,0.57,unidominant,4.48,0.00,0.14,0.05,2.14,Auditory,0.66
172,grotesque,costume,performance,40,41,1.00,1.00,0.35,0.05,1.85,0.65,4.90,3.41,0.07,0.54,0.34,4.66,0.82,0.61,visual,0.62,visual,0.51,unidominant,1.76,2.76,2.86,3.00,4.38,Visual,0.18
173,growling,guard dog,stomach,42,43,0.98,0.99,4.80,0.02,0.68,0.20,4.27,4.72,0.12,2.19,0.05,0.31,0.76,0.71,auditory,0.48,auditory,0.63,unidominant,4.62,0.10,0.19,0.19,3.05,Auditory,0.56
174,gurgling,baby,coffee machine,42,40,1.00,1.00,4.55,0.12,0.69,0.40,3.86,4.80,0.54,1.03,2.23,3.70,0.96,0.29,auditory,0.46,auditory,0.35,unidominant,4.38,0.48,0.71,0.52,3.24,Auditory,0.42
175,hairy,coconut,mammoth,40,43,0.99,1.00,0.38,1.05,4.78,0.23,4.53,0.19,0.07,3.98,0.33,4.74,0.98,0.19,haptic,0.41,visual,0.50,bidominant,0.19,0.19,4.43,0.19,4.48,Visual,0.45
176,handsome,dog,youth,43,43,1.00,1.00,0.47,0.00,1.51,0.30,4.84,0.93,0.12,1.14,0.72,4.91,0.99,0.14,visual,0.68,visual,0.61,unidominant,0.90,0.33,1.43,1.38,4.95,Visual,0.51
177,happy,face,music,41,40,1.00,1.00,1.63,0.05,1.56,0.07,4.88,4.85,0.08,0.45,0.13,1.20,0.54,1.00,visual,0.59,auditory,0.71,bidominant,3.62,1.14,1.24,1.29,4.33,Visual,0.27
178,hard,liquor,marble,42,40,1.00,1.00,0.19,4.69,0.74,3.62,1.81,2.10,0.60,4.90,0.08,3.45,0.34,1.23,gustatory,0.41,haptic,0.43,bidominant,1.29,1.00,4.71,0.10,3.90,Haptic,0.42
179,harsh,cry,wind,42,40,0.99,1.00,4.86,0.32,0.66,0.20,2.90,3.98,0.10,4.00,0.43,3.10,0.84,0.57,auditory,0.52,haptic,0.34,bidominant,3.33,2.29,2.52,1.81,3.19,Auditory,0.12
180,heavy,brushstroke,washing machine,43,40,1.00,0.99,1.21,0.00,3.28,0.12,4.16,1.35,0.00,3.59,0.03,3.73,0.99,0.10,visual,0.47,visual,0.43,unidominant,1.71,0.57,3.90,0.24,3.52,Haptic,0.37
181,herby,dressing,garden,43,40,0.88,0.97,0.00,4.50,0.53,3.16,2.47,0.33,1.71,1.76,3.38,4.05,0.83,0.59,gustatory,0.42,visual,0.33,bidominant,0.05,4.81,0.76,4.14,2.81,Gustatory,0.38
182,high,pitch,tower,40,41,1.00,1.00,4.93,0.00,0.73,0.00,0.58,0.24,0.00,1.29,0.05,4.98,0.19,1.38,auditory,0.79,visual,0.76,bidominant,2.48,0.29,2.29,0.29,4.38,Visual,0.42
183,hissing,cat,steam train,43,42,1.00,0.98,4.91,0.00,0.79,0.16,3.95,4.78,0.10,0.46,0.93,3.41,0.99,0.15,auditory,0.50,auditory,0.48,unidominant,4.52,0.05,0.33,0.05,2.10,Auditory,0.64
184,hoarse,crow,throat,40,42,0.88,1.00,4.54,0.03,0.37,0.00,1.46,3.52,0.60,1.67,0.26,1.05,0.93,0.38,auditory,0.71,auditory,0.46,unidominant,3.90,0.35,1.45,0.15,1.55,Auditory,0.51
185,hollow,barrel,face,43,40,1.00,0.96,2.77,0.09,3.16,0.19,4.65,0.47,0.03,3.21,0.05,4.54,0.93,0.37,visual,0.42,visual,0.54,unidominant,3.86,0.57,4.14,0.10,4.38,Visual,0.33
186,honeyed,cookies,voice,43,43,0.98,0.93,0.21,4.57,1.24,3.45,3.26,4.50,0.15,0.25,0.20,0.53,0.14,1.43,gustatory,0.34,auditory,0.77,bidominant,0.33,4.10,1.33,3.57,3.05,Gustatory,0.30
187,hot,chili pepper,grill pan,40,41,1.00,1.00,0.30,4.83,1.15,3.33,2.08,1.37,0.49,4.78,1.85,3.22,0.54,1.01,gustatory,0.39,haptic,0.37,bidominant,1.05,4.43,4.86,1.67,3.33,Haptic,0.25
188,howling,wind,wolf,43,42,1.00,0.98,4.70,0.07,2.21,0.35,2.14,4.95,0.00,0.29,0.15,3.63,0.92,0.41,auditory,0.49,auditory,0.55,unidominant,4.95,0.14,0.14,0.14,2.81,Auditory,0.59
189,huge,bellow,giant,42,40,0.82,1.00,2.47,0.15,1.54,0.44,3.09,1.98,0.00,1.80,0.10,4.98,0.96,0.30,visual,0.38,visual,0.56,unidominant,1.43,0.38,3.71,0.33,4.95,Visual,0.43
190,humid,bathroom,rainforest,43,40,1.00,0.99,0.23,0.51,3.70,2.40,3.07,0.69,0.60,3.73,2.43,2.72,0.99,0.11,haptic,0.35,haptic,0.31,unidominant,0.24,0.48,3.29,1.43,1.76,Haptic,0.42
191,humming,bee,fridge,43,43,1.00,1.00,4.81,0.00,0.67,0.07,2.42,4.81,0.02,1.19,0.00,0.35,0.92,0.40,auditory,0.60,auditory,0.76,unidominant,,,,,,,
192,hushed,crowd,whisper,40,41,1.00,1.00,4.68,0.03,0.45,0.08,3.55,4.90,0.02,0.22,0.02,2.76,0.99,0.14,auditory,0.53,auditory,0.62,unidominant,4.38,0.00,0.14,0.05,1.81,Auditory,0.69
193,husky,seedpod,voice,42,43,0.61,0.98,0.52,0.69,3.62,0.28,3.54,5.00,0.02,0.19,0.00,0.40,0.18,1.39,haptic,0.39,auditory,0.89,bidominant,4.62,0.33,0.57,0.71,1.29,Auditory,0.57
194,icy,fingers,river,42,40,1.00,1.00,0.10,0.83,4.88,0.29,2.40,1.00,1.03,4.23,0.50,4.48,0.93,0.38,haptic,0.56,visual,0.35,bidominant,1.24,1.90,4.43,0.62,4.52,Visual,0.31
195,immense,headache,search light,40,43,0.98,1.00,0.69,0.00,2.93,0.00,0.95,0.21,0.02,0.21,0.07,4.74,0.35,1.21,haptic,0.64,visual,0.90,bidominant,2.33,1.62,2.10,1.67,4.00,Visual,0.20
196,insipid,food,poetry,43,43,0.63,0.88,0.19,4.39,1.22,2.78,2.52,3.95,0.05,0.26,0.00,2.26,0.26,1.31,gustatory,0.38,auditory,0.60,bidominant,0.29,0.86,0.43,1.43,1.71,Visual,0.30
197,itchy,mosquito bite,shawl,41,40,1.00,1.00,0.27,0.02,4.88,0.17,2.39,0.18,0.13,4.68,0.05,2.15,1.00,0.04,haptic,0.63,haptic,0.64,unidominant,1.29,0.33,4.81,0.29,3.14,Haptic,0.46
198,jagged,cliffs,saw,42,43,0.98,0.95,0.37,0.05,3.61,0.05,4.78,1.78,0.00,4.17,0.07,4.76,0.97,0.23,visual,0.53,visual,0.44,unidominant,0.62,0.48,4.76,0.24,4.71,Haptic,0.42
199,jammy,donut,toast,42,40,1.00,1.00,0.69,4.71,3.60,2.52,3.98,0.38,4.55,2.95,2.75,3.80,1.00,0.09,gustatory,0.26,gustatory,0.29,unidominant,0.24,4.71,1.52,2.48,3.33,Gustatory,0.36
200,jingling,keys,triangle,43,40,1.00,0.99,4.91,0.00,2.16,0.05,3.09,4.63,0.00,1.35,0.00,3.28,0.99,0.13,auditory,0.48,auditory,0.50,unidominant,4.95,0.15,1.10,0.15,2.95,Auditory,0.52
201,juicy,orange,steak,43,43,1.00,1.00,0.56,4.65,2.98,1.86,3.51,1.16,4.93,3.58,2.70,3.95,0.99,0.11,gustatory,0.30,gustatory,0.23,unidominant,1.43,4.86,2.19,2.81,3.62,Gustatory,0.23
202,khaki,dried mud,shirt,40,41,0.93,0.98,0.19,0.22,1.38,0.30,4.30,0.03,0.03,2.25,0.13,4.78,0.99,0.15,visual,0.64,visual,0.66,unidominant,0.30,0.10,0.55,0.25,4.95,Visual,0.79
203,large,mug,vehicle,42,43,0.95,1.00,0.45,0.30,4.05,0.13,4.88,2.63,0.00,3.21,0.47,4.98,0.93,0.37,visual,0.48,visual,0.44,unidominant,1.48,0.57,4.19,0.38,4.86,Visual,0.39
204,laughing,smiley,studio audience,41,40,1.00,1.00,3.76,0.00,0.68,0.00,4.73,4.90,0.05,0.35,0.03,4.00,0.98,0.22,visual,0.52,auditory,0.52,bidominant,4.71,0.05,0.55,0.05,4.33,Auditory,0.48
205,leathery,hide,texture,43,40,1.00,0.99,0.56,0.56,4.44,2.56,3.67,0.59,0.38,4.80,2.00,3.93,0.99,0.11,haptic,0.33,haptic,0.38,unidominant,0.52,0.38,4.57,2.86,4.14,Haptic,0.34
206,lemony,cheesecake,dish soap,43,43,1.00,1.00,0.05,4.93,0.23,3.53,2.37,0.14,0.91,0.26,4.74,0.98,0.73,0.75,gustatory,0.44,olfactory,0.66,bidominant,0.00,4.95,0.71,3.71,2.90,Gustatory,0.40
207,light,cologne,feather,40,41,1.00,1.00,0.13,0.90,0.33,4.63,0.30,0.88,0.05,4.63,0.07,4.07,0.11,1.46,olfactory,0.72,haptic,0.47,bidominant,1.00,1.57,2.38,1.00,4.14,Visual,0.31
208,lilting,tune,walk,43,42,0.60,0.62,4.30,0.27,0.62,0.12,1.23,0.96,0.15,1.46,0.15,3.38,0.54,1.00,auditory,0.64,visual,0.53,bidominant,2.27,0.36,1.42,0.55,2.55,Visual,0.31
209,lithe,ballet dancer,bamboo,40,42,0.60,0.63,1.04,0.00,0.58,0.00,4.33,0.54,0.56,3.58,0.15,3.70,0.80,0.65,visual,0.73,visual,0.42,unidominant,0.00,0.17,3.00,0.17,4.17,Visual,0.56
210,long,fence,moan,43,40,1.00,0.96,0.07,0.00,2.40,0.02,4.95,4.67,0.03,0.29,0.00,2.00,0.39,1.17,visual,0.67,auditory,0.67,bidominant,0.71,0.00,3.90,0.00,4.76,Visual,0.51
211,loose,cable ,clothes,43,43,1.00,1.00,0.53,0.02,4.09,0.00,4.44,0.56,0.00,4.49,0.00,4.72,1.00,0.02,visual,0.49,visual,0.48,unidominant,0.38,0.05,3.81,0.14,4.14,Visual,0.48
212,loud,drill,necktie,41,40,1.00,1.00,4.95,0.00,1.02,0.32,2.39,1.98,0.00,0.28,0.05,2.28,0.92,0.41,auditory,0.57,visual,0.50,bidominant,4.95,0.24,0.24,0.10,1.57,Auditory,0.68
213,low,bleating,doorframe,42,43,0.50,0.98,3.67,0.00,0.38,0.14,1.05,0.36,0.00,3.24,0.02,4.79,0.34,1.22,auditory,0.70,visual,0.57,bidominant,1.90,0.14,2.52,0.14,4.29,Visual,0.46
214,lukewarm,bath water,noodles,42,40,1.00,1.00,0.38,1.21,4.69,0.62,1.40,0.20,4.13,3.90,0.95,2.10,0.86,0.53,haptic,0.52,gustatory,0.35,bidominant,0.24,2.57,4.71,0.71,0.71,Haptic,0.50
215,lumpy,gravy,pillow,43,40,1.00,0.99,0.49,4.12,3.02,0.67,4.35,0.38,0.08,4.75,0.03,3.95,0.77,0.70,visual,0.31,haptic,0.51,bidominant,0.71,2.52,4.48,0.29,4.43,Haptic,0.34
216,lush,garden,peach,43,43,1.00,0.93,0.74,0.33,2.21,2.35,4.88,0.58,4.43,3.48,2.25,3.75,0.78,0.67,visual,0.43,gustatory,0.27,bidominant,0.86,2.95,3.00,3.00,4.05,Visual,0.23
217,meaty,body,stew,41,40,1.00,1.00,0.27,0.29,4.12,0.32,4.63,0.20,4.73,2.45,3.53,4.20,0.68,0.83,visual,0.45,gustatory,0.30,bidominant,0.10,4.81,1.62,3.29,3.76,Gustatory,0.35
218,mellow,french horn,wine,42,43,0.93,0.91,4.67,0.08,0.41,0.10,1.03,0.08,4.62,0.82,3.10,1.54,0.11,1.47,auditory,0.73,gustatory,0.45,bidominant,2.71,1.05,0.43,0.81,3.14,Visual,0.33
219,melted,candle,cheese,40,42,1.00,0.99,0.53,0.30,2.80,2.08,4.78,1.07,4.00,3.39,2.95,4.81,0.87,0.51,visual,0.43,visual,0.23,unidominant,0.86,2.71,3.86,1.57,4.86,Visual,0.29
220,metallic,blood,car,40,43,0.98,1.00,0.18,2.49,0.45,1.95,2.31,0.91,0.12,2.33,0.60,4.79,0.64,0.88,gustatory,0.31,visual,0.53,bidominant,,,,,,,
221,mild,curry,winter,43,43,1.00,0.98,0.07,4.77,0.35,3.12,1.67,0.93,0.07,3.07,0.60,3.50,0.32,1.24,gustatory,0.47,visual,0.42,bidominant,1.76,3.62,1.38,2.62,2.19,Gustatory,0.19
222,miniature,car,pizza,40,41,0.98,1.00,0.87,0.00,2.56,0.05,4.79,0.07,1.71,3.29,0.59,4.80,0.94,0.35,visual,0.58,visual,0.45,unidominant,0.43,0.14,3.33,0.19,4.57,Visual,0.51
223,minty,chewing gum,soap,42,43,0.98,0.98,0.24,4.93,0.68,3.90,1.32,0.00,1.52,1.21,4.12,1.33,0.85,0.55,gustatory,0.42,olfactory,0.50,bidominant,0.00,4.95,0.14,3.95,1.71,Gustatory,0.46
224,moaning,invalid,wife,43,42,0.91,0.98,4.46,0.13,0.56,0.18,2.05,4.80,0.07,0.76,0.29,3.71,0.97,0.23,auditory,0.59,auditory,0.49,unidominant,4.95,0.14,0.19,0.14,3.00,Auditory,0.57
225,moist,cake,grass,40,43,0.99,1.00,0.36,4.75,4.00,1.51,3.33,0.53,0.70,4.63,2.63,4.37,0.81,0.63,gustatory,0.31,haptic,0.32,bidominant,1.43,2.86,4.38,1.71,3.67,Haptic,0.21
226,motionless,air,statue,43,43,1.00,1.00,2.65,0.21,3.60,0.53,1.67,0.93,0.02,3.35,0.12,5.00,0.78,0.67,haptic,0.39,visual,0.53,bidominant,1.71,0.00,2.52,0.05,4.57,Visual,0.52
227,mottled,animal pelt,teeth,41,40,0.64,0.73,0.92,0.12,2.67,1.27,3.78,0.72,0.72,2.21,0.69,3.97,0.98,0.20,visual,0.42,visual,0.39,unidominant,0.64,0.64,1.33,0.73,4.36,Visual,0.48
228,mouldy,bread,cellar,42,43,0.98,0.91,0.02,2.88,1.71,2.63,4.83,0.18,0.44,2.67,3.51,4.51,0.90,0.44,visual,0.40,visual,0.38,unidominant,0.05,3.00,1.81,3.48,4.38,Visual,0.34
229,muddy,lake,path,40,42,1.00,1.00,0.83,0.70,3.68,1.70,4.65,1.62,0.31,4.12,1.26,4.52,0.99,0.17,visual,0.34,visual,0.36,unidominant,1.38,0.76,3.52,2.24,4.52,Visual,0.30
230,murky,dungeon,pond,40,43,0.96,1.00,1.18,0.05,2.05,2.18,4.45,0.63,0.37,1.93,1.77,4.72,0.99,0.15,visual,0.44,visual,0.46,unidominant,0.57,0.43,0.86,1.57,4.38,Visual,0.51
231,murmuring,grandmother,stream,43,43,1.00,1.00,4.84,0.05,0.28,0.00,2.79,4.70,0.05,1.33,0.28,2.67,0.98,0.20,auditory,0.61,auditory,0.52,unidominant,4.86,0.10,0.24,0.14,2.19,Auditory,0.63
232,mushroomy,forest,sauce,40,41,0.98,1.00,0.21,0.67,1.97,1.33,4.74,0.00,4.78,1.20,3.29,2.88,0.67,0.84,visual,0.51,gustatory,0.39,bidominant,0.05,4.76,1.76,3.00,3.86,Gustatory,0.35
233,mushy,apple butter,snow,43,42,0.95,0.98,0.90,4.00,4.05,1.41,3.51,2.41,1.32,4.83,0.34,3.88,0.88,0.50,haptic,0.23,haptic,0.35,unidominant,1.90,3.24,4.43,0.52,3.86,Haptic,0.28
234,musty,closet,old book,40,42,0.95,1.00,0.13,0.68,1.45,4.34,2.37,0.57,0.50,2.74,3.74,3.57,0.95,0.33,olfactory,0.47,olfactory,0.29,unidominant,0.47,1.74,0.63,4.32,3.21,Olfactory,0.37
235,narrow,alley,sleeve,43,40,1.00,0.97,0.72,0.02,1.53,0.23,4.95,0.16,0.00,4.15,0.00,4.51,0.90,0.46,visual,0.66,visual,0.51,unidominant,0.52,0.10,3.10,0.10,4.86,Visual,0.55
236,noisy,stadium,television,43,43,1.00,1.00,5.00,0.00,0.56,0.09,3.51,5.00,0.00,0.23,0.02,1.33,0.94,0.36,auditory,0.55,auditory,0.76,unidominant,4.95,0.05,0.29,0.05,1.67,Auditory,0.70
237,nutty,granola bar,spice,40,41,1.00,1.00,1.41,4.78,2.55,2.68,3.95,0.15,4.49,1.05,3.00,1.85,0.93,0.38,gustatory,0.22,gustatory,0.41,unidominant,0.33,4.95,1.48,3.00,3.57,Gustatory,0.35
238,odorous,coffee,sweat,43,42,1.00,0.98,0.12,2.56,0.33,4.95,1.28,0.24,1.56,1.00,4.88,1.39,0.98,0.21,olfactory,0.52,olfactory,0.51,unidominant,0.29,1.86,0.19,4.95,1.14,Olfactory,0.56
239,oily,french fries,puddle,40,42,1.00,1.00,0.30,4.78,4.35,2.75,4.23,0.38,0.76,3.29,1.12,4.17,0.86,0.53,gustatory,0.27,visual,0.39,bidominant,0.24,3.33,3.62,2.00,3.90,Visual,0.28
240,oniony,Russian dome,salad,40,43,0.58,1.00,0.17,1.48,1.22,1.48,3.92,0.07,4.93,0.98,3.88,3.37,0.83,0.59,visual,0.45,gustatory,0.37,bidominant,0.19,4.95,1.24,4.52,3.43,Gustatory,0.33
241,open,book,can,43,43,1.00,1.00,1.98,0.07,3.95,1.07,4.98,2.56,0.51,3.12,1.65,4.72,0.98,0.19,visual,0.41,visual,0.34,unidominant,1.33,0.10,3.43,0.19,4.76,Visual,0.48
242,orange,buoy,fruit juice,40,41,0.98,1.00,0.23,0.00,0.15,0.05,4.92,0.02,3.88,0.34,2.63,4.54,0.70,0.80,visual,0.92,visual,0.40,unidominant,0.10,2.81,1.14,2.33,4.62,Visual,0.41
243,oval,rugby ball,zeppelin,43,42,0.98,0.57,0.14,0.02,4.43,0.02,4.83,0.29,0.08,2.29,0.13,4.83,0.95,0.30,visual,0.51,visual,0.62,unidominant,0.05,0.29,3.95,0.19,4.62,Visual,0.50
244,painful,scream,sting,42,40,1.00,1.00,4.81,0.00,0.50,0.05,3.07,0.78,0.05,4.65,0.03,2.80,0.47,1.09,auditory,0.57,haptic,0.56,bidominant,3.33,0.81,4.62,0.76,3.86,Haptic,0.29
245,pale,face,star,43,43,1.00,1.00,0.09,0.09,0.67,0.05,4.95,0.09,0.07,0.00,0.02,4.79,0.99,0.14,visual,0.84,visual,0.96,unidominant,0.24,0.33,0.29,0.10,4.95,Visual,0.82
246,patterned,dress,tiles,43,43,1.00,1.00,0.23,0.00,1.72,0.00,4.86,0.28,0.00,2.26,0.00,4.98,1.00,0.09,visual,0.71,visual,0.66,unidominant,0.33,0.05,1.71,0.10,4.90,Visual,0.68
247,peachy,iced tea,skin,41,40,1.00,0.98,0.00,4.68,0.15,3.39,1.61,0.21,0.62,2.21,0.67,4.51,0.42,1.14,gustatory,0.48,visual,0.53,bidominant,0.05,3.62,2.14,3.05,3.24,Gustatory,0.30
248,peppery,jalape–o,salami,43,42,1.00,0.98,0.09,4.88,0.81,2.93,2.23,0.05,4.90,1.49,3.37,3.12,0.99,0.15,gustatory,0.44,gustatory,0.38,unidominant,0.10,4.95,0.33,3.52,2.67,Gustatory,0.42
249,perfumed,lady,letter,42,40,1.00,0.98,0.98,0.86,0.55,4.74,2.57,0.62,1.05,0.36,4.38,1.62,0.99,0.16,olfactory,0.43,olfactory,0.50,unidominant,0.10,2.29,0.19,4.90,0.48,Olfactory,0.60
250,petite,dress,gymnast,43,40,1.00,0.98,0.05,0.00,2.93,0.00,4.86,0.62,0.00,2.15,0.08,4.78,0.99,0.16,visual,0.62,visual,0.63,unidominant,0.29,0.00,2.71,0.00,4.52,Visual,0.60
251,pink,cotton candy,flamingo,43,43,1.00,1.00,0.05,1.44,0.19,0.65,4.86,0.05,0.02,0.14,0.02,5.00,0.95,0.31,visual,0.67,visual,0.95,unidominant,0.14,0.33,0.33,0.19,4.48,Visual,0.79
252,plain,fabric,food,41,40,1.00,1.00,0.05,0.00,2.83,0.10,4.80,0.10,4.98,0.80,3.00,2.88,0.45,1.10,visual,0.62,gustatory,0.41,bidominant,0.57,3.24,1.19,1.10,4.29,Visual,0.36
253,plastic,fork,toy,42,43,0.98,0.98,1.05,1.44,4.32,0.41,4.63,1.07,1.05,4.62,1.31,4.62,0.99,0.15,visual,0.36,haptic,0.28,bidominant,1.48,0.95,4.29,1.62,4.33,Visual,0.27
254,polished,shoes,speech,40,42,1.00,0.98,0.75,0.30,3.15,1.83,4.83,4.63,0.15,0.12,0.07,1.71,0.41,1.15,visual,0.42,auditory,0.68,bidominant,0.43,0.00,3.48,1.86,4.67,Visual,0.45
255,popping,balloon,cork,40,43,0.99,1.00,4.58,0.00,2.10,0.03,4.33,4.67,0.09,1.72,0.58,4.02,0.99,0.11,auditory,0.41,auditory,0.41,unidominant,4.19,0.48,1.57,0.48,3.52,Auditory,0.36
256,portly,pig,waiter,43,43,0.77,0.87,1.21,1.03,2.91,0.85,4.21,2.22,0.14,0.51,0.00,4.22,0.85,0.56,visual,0.33,visual,0.60,unidominant,0.33,0.83,2.25,0.92,4.00,Visual,0.44
257,prickly,cactus,dead leg,41,40,1.00,0.98,0.10,0.46,4.85,0.05,4.41,0.23,0.15,4.15,0.41,2.15,0.96,0.28,haptic,0.49,haptic,0.56,unidominant,1.19,0.95,4.90,0.29,4.14,Haptic,0.40
258,puffy,cushion,eyes,43,42,1.00,0.98,0.84,0.12,4.79,0.07,4.14,0.20,0.07,3.41,0.10,4.63,0.97,0.24,haptic,0.47,visual,0.54,bidominant,0.81,0.57,3.57,0.43,4.14,Visual,0.39
259,pulsing,strobe light,vein,40,42,0.90,1.00,1.08,0.11,0.72,0.03,4.69,1.40,0.00,4.24,0.02,3.40,0.75,0.72,visual,0.70,haptic,0.47,bidominant,3.43,0.05,4.48,0.19,4.14,Haptic,0.36
260,pungent,flower,garlic,43,43,0.98,0.98,0.07,1.05,0.67,4.50,1.95,0.05,3.93,0.45,4.55,0.81,0.86,0.54,olfactory,0.54,olfactory,0.46,unidominant,0.21,2.21,0.32,4.84,1.53,Olfactory,0.51
261,purple,bruise,crocus,43,43,1.00,0.72,0.02,0.05,1.37,0.00,4.93,0.06,0.06,0.06,0.16,4.61,0.97,0.26,visual,0.77,visual,0.92,unidominant,0.19,0.14,0.05,0.10,5.00,Visual,0.90
262,purring,cat,engine,40,41,1.00,0.98,4.63,0.00,2.08,0.18,2.70,4.50,0.00,1.60,0.85,2.33,0.99,0.15,auditory,0.48,auditory,0.49,unidominant,4.86,0.05,0.86,0.10,2.24,Auditory,0.59
263,quiet,graveyard,snake,42,43,0.98,1.00,4.83,0.05,0.44,0.34,2.98,4.42,0.02,0.60,0.07,3.42,0.99,0.12,auditory,0.55,auditory,0.51,unidominant,4.95,0.05,0.10,0.10,2.10,Auditory,0.67
264,radiant,halo,stove,42,40,1.00,0.98,0.88,0.07,1.00,0.07,4.48,0.82,0.23,3.15,0.95,4.03,0.89,0.47,visual,0.68,visual,0.41,unidominant,1.29,0.43,0.81,1.00,4.38,Visual,0.50
265,rancid,butter,garbage,40,43,0.90,1.00,0.08,4.64,0.97,3.89,2.69,0.09,1.09,1.19,4.95,3.35,0.83,0.59,gustatory,0.37,olfactory,0.46,bidominant,0.86,3.24,1.57,4.19,3.10,Olfactory,0.26
266,raspy,voice,wood file,43,43,1.00,0.91,4.98,0.00,0.12,0.00,0.49,2.49,0.10,3.79,0.28,2.92,0.53,1.02,auditory,0.89,haptic,0.39,bidominant,3.65,0.53,1.18,0.65,2.00,Auditory,0.39
267,rectangular,cell phone,soccer field,41,40,1.00,0.98,0.12,0.02,4.39,0.05,4.88,0.23,0.00,1.05,0.03,4.88,0.87,0.52,visual,0.51,visual,0.79,unidominant,0.00,0.10,3.95,0.00,4.81,Visual,0.54
268,red,fire truck,strawberry,42,43,0.98,0.98,0.68,0.12,0.05,0.02,4.98,0.00,1.81,0.88,1.12,5.00,0.91,0.43,visual,0.85,visual,0.57,unidominant,0.19,0.29,0.10,0.29,4.71,Visual,0.83
269,reddish,blush,squirrel,42,40,1.00,0.98,0.10,0.10,0.81,0.07,4.79,0.18,0.00,0.10,0.00,4.69,0.99,0.15,visual,0.80,visual,0.94,unidominant,0.10,0.20,0.15,0.20,4.70,Visual,0.86
270,resounding,bathroom,church organ,40,43,0.88,1.00,4.19,0.06,0.49,0.63,1.37,4.77,0.00,1.16,0.02,2.19,0.98,0.21,auditory,0.61,auditory,0.59,unidominant,3.83,0.06,0.44,0.06,1.83,Auditory,0.61
271,reverberating,echo,guitar string,43,43,1.00,1.00,4.81,0.00,1.35,0.02,0.40,4.63,0.00,3.67,0.00,3.60,0.83,0.60,auditory,0.73,auditory,0.39,unidominant,3.31,0.00,2.31,0.00,2.15,Auditory,0.43
272,rhythmic,heartbeat,metronome,40,41,1.00,1.00,4.33,0.05,3.85,0.03,2.15,4.76,0.05,0.73,0.05,2.78,0.86,0.54,auditory,0.41,auditory,0.56,unidominant,4.62,0.00,1.33,0.10,2.48,Auditory,0.54
273,ripe,cheese,tomato,42,43,0.98,1.00,0.12,4.54,1.46,3.83,2.93,0.28,4.58,3.60,2.53,4.42,0.93,0.38,gustatory,0.34,gustatory,0.28,unidominant,0.10,4.52,3.38,3.67,4.14,Gustatory,0.28
274,rippled,plastic cup,water,40,42,0.98,1.00,2.59,0.13,3.79,0.08,4.21,2.55,0.21,2.69,0.19,4.71,0.98,0.20,visual,0.38,visual,0.44,unidominant,2.00,0.50,3.90,0.25,4.25,Visual,0.37
275,roaring,engine,lion,40,43,0.99,1.00,4.85,0.05,1.03,1.21,1.98,5.00,0.02,0.42,0.07,3.70,0.94,0.35,auditory,0.53,auditory,0.54,unidominant,,,,,,,
276,roasted,chicken,coffee beans,43,43,1.00,1.00,1.30,3.72,1.86,4.49,4.51,1.88,2.93,1.23,4.70,3.63,0.98,0.18,visual,0.20,olfactory,0.24,bidominant,1.33,4.43,1.76,3.86,4.19,Gustatory,0.20
277,rotten,apple,egg,41,40,1.00,1.00,0.12,4.37,3.46,3.88,4.49,0.08,4.20,1.53,4.75,3.98,0.96,0.27,visual,0.27,olfactory,0.32,bidominant,0.19,3.29,2.57,3.95,4.10,Visual,0.28
278,rough,sketch,tree bark,43,42,1.00,0.98,0.37,0.05,2.23,0.14,4.60,1.00,0.32,4.73,0.20,3.95,0.91,0.43,visual,0.62,haptic,0.44,bidominant,2.29,1.62,4.90,0.71,4.05,Haptic,0.31
279,round,coin,planet,42,40,1.00,1.00,0.21,0.38,4.62,0.02,4.93,0.48,0.03,1.18,0.00,4.30,0.88,0.49,visual,0.48,visual,0.72,unidominant,0.24,0.19,4.38,0.00,4.48,Visual,0.48
280,rubbery,calamari,shoe sole,43,40,0.98,0.99,0.52,4.64,4.00,0.57,2.93,1.38,0.28,4.30,1.13,3.55,0.76,0.71,gustatory,0.33,haptic,0.38,bidominant,1.14,2.14,4.50,2.14,3.62,Haptic,0.25
281,rumbling,stomach,train,43,43,1.00,1.00,4.44,0.26,3.28,0.23,0.28,4.70,0.02,2.47,0.07,2.93,0.89,0.48,auditory,0.50,auditory,0.46,unidominant,4.24,0.20,1.67,0.24,2.48,Auditory,0.46
282,rustling,leaves,wrapping paper,40,41,1.00,1.00,4.38,0.25,2.28,0.53,3.63,4.88,0.00,2.85,0.05,3.54,0.99,0.12,auditory,0.37,auditory,0.43,unidominant,4.67,0.20,2.52,0.55,3.05,Auditory,0.41
283,rusty,car,key,43,42,1.00,0.98,1.47,0.14,3.63,1.44,4.60,0.56,0.78,3.44,1.68,4.59,0.98,0.19,visual,0.40,visual,0.36,unidominant,1.14,0.67,3.00,1.57,4.29,Visual,0.34
284,salty,bacon,tidemark,42,40,1.00,0.68,0.40,4.95,0.95,1.98,1.48,0.26,3.89,0.89,2.26,1.37,0.99,0.14,gustatory,0.47,gustatory,0.42,unidominant,0.05,4.81,0.67,1.71,1.86,Gustatory,0.52
285,savory,pie,scone,43,40,1.00,0.94,0.35,5.00,1.19,4.00,3.44,0.24,4.74,1.11,3.53,2.50,1.00,0.10,gustatory,0.33,gustatory,0.37,unidominant,,,,,,,
286,scaly,fish,lizard,40,42,0.98,0.99,0.41,1.54,4.72,0.67,4.44,0.54,0.20,4.52,0.07,4.24,0.98,0.22,haptic,0.37,haptic,0.47,unidominant,0.14,1.00,4.43,0.10,4.33,Haptic,0.43
287,scented,rose,tea,41,40,1.00,1.00,0.02,0.66,0.63,4.90,1.15,0.18,3.70,0.25,4.70,1.28,0.86,0.53,olfactory,0.66,olfactory,0.45,unidominant,0.05,2.33,0.10,4.76,1.00,Olfactory,0.57
288,scratchy,record,wool,42,43,0.98,1.00,4.73,0.00,1.98,0.07,2.63,0.77,0.19,4.79,0.33,2.86,0.63,0.88,auditory,0.50,haptic,0.52,bidominant,3.29,0.05,4.14,0.10,2.86,Haptic,0.39
289,scrawny,boy,legs,40,42,1.00,1.00,0.60,0.00,2.45,0.05,4.95,0.21,0.07,3.55,0.07,4.74,0.98,0.20,visual,0.61,visual,0.54,unidominant,0.67,0.29,2.57,0.29,4.76,Visual,0.52
290,screaming,child,seagull,40,43,0.97,1.00,4.95,0.00,0.58,0.08,3.95,4.88,0.00,0.16,0.14,3.23,0.99,0.11,auditory,0.52,auditory,0.58,unidominant,4.95,0.05,0.14,0.05,2.81,Auditory,0.61
291,screeching,owl,toddler,43,43,1.00,1.00,4.91,0.00,0.19,0.00,2.60,4.93,0.00,0.56,0.00,3.79,0.98,0.18,auditory,0.64,auditory,0.53,unidominant,4.95,0.10,0.33,0.24,2.33,Auditory,0.61
292,shadowy,alleyway,canopy,40,41,1.00,1.00,0.58,0.03,0.45,0.25,4.93,0.07,0.00,1.20,0.07,4.66,0.98,0.19,visual,0.79,visual,0.78,unidominant,0.29,0.14,0.29,0.14,4.71,Visual,0.82
293,shaggy,haircut,rug,42,43,0.98,0.95,0.22,0.20,3.68,0.34,4.83,0.56,0.07,4.68,0.37,4.44,0.99,0.17,visual,0.50,haptic,0.46,bidominant,0.19,0.00,4.10,0.14,4.19,Visual,0.49
294,shallow,breathing,pond,40,42,1.00,1.00,4.33,0.00,1.10,0.08,2.45,1.00,0.07,4.10,0.10,4.19,0.63,0.89,auditory,0.54,visual,0.44,bidominant,1.38,0.29,3.33,0.19,4.24,Visual,0.43
295,sharp,cheese,thorn,43,40,1.00,0.99,0.02,4.47,1.07,3.37,1.77,0.23,0.18,4.90,0.03,4.23,0.35,1.21,gustatory,0.42,haptic,0.51,bidominant,1.05,1.19,4.57,0.33,4.43,Haptic,0.37
296,sheer,cliff face,stockings,43,43,0.81,0.93,0.40,0.03,1.60,0.06,4.74,0.20,0.10,3.55,0.18,4.30,0.93,0.37,visual,0.69,visual,0.50,unidominant,0.58,0.00,2.89,0.00,4.53,Visual,0.57
297,shimmering,heat waves,sequins,40,41,0.98,0.88,0.44,0.21,2.00,0.54,4.08,0.72,0.00,1.50,0.00,4.67,0.98,0.20,visual,0.53,visual,0.68,unidominant,0.76,0.24,0.86,0.33,4.76,Visual,0.65
298,shiny,saxophone,spoon,42,43,0.98,1.00,0.51,0.15,1.59,0.17,4.93,0.23,0.28,1.91,0.09,4.84,1.00,0.09,visual,0.65,visual,0.65,unidominant,0.10,0.05,1.86,0.05,4.95,Visual,0.70
299,short,stick,toe,40,42,1.00,1.00,0.08,0.23,3.58,0.03,4.90,0.02,0.05,3.64,0.05,4.81,1.00,0.04,visual,0.55,visual,0.56,unidominant,0.57,0.14,3.24,0.14,4.95,Visual,0.53
300,shrieking,bird of prey,child,40,43,0.99,1.00,4.58,0.00,0.44,0.03,3.40,4.88,0.00,0.44,0.14,3.77,1.00,0.03,auditory,0.54,auditory,0.53,unidominant,4.95,0.14,0.14,0.14,2.71,Auditory,0.59
301,shrill,tea kettle,whistle,43,43,0.91,0.95,4.56,0.10,1.26,0.62,3.10,4.76,0.02,0.27,0.00,0.68,0.88,0.49,auditory,0.46,auditory,0.83,unidominant,4.79,0.11,0.26,0.11,1.53,Auditory,0.69
302,silky,bra,satin,41,40,1.00,1.00,0.15,0.10,4.93,0.12,4.05,0.40,0.28,4.75,0.15,3.33,1.00,0.10,haptic,0.52,haptic,0.52,unidominant,0.24,0.38,4.90,0.00,3.76,Haptic,0.53
303,silver,nail polish,spoon,43,42,1.00,0.98,0.12,0.19,0.72,0.53,4.93,1.00,1.07,1.37,0.83,4.83,0.96,0.28,visual,0.74,visual,0.44,unidominant,0.05,0.24,0.67,0.33,4.57,Visual,0.77
304,sizzling,cooking oil,sausages,40,42,1.00,1.00,4.70,1.13,2.38,2.63,4.28,4.19,2.67,2.40,3.74,4.24,0.97,0.25,auditory,0.24,visual,0.11,bidominant,,,,,,,
305,skinny,legs,rope,40,43,0.99,1.00,0.10,0.00,3.45,0.00,4.85,0.14,0.05,4.49,0.02,4.84,0.99,0.13,visual,0.58,visual,0.50,unidominant,0.38,0.14,4.00,0.19,4.90,Visual,0.50
306,slick,hair,tyre,43,43,0.98,0.81,0.12,0.21,4.50,0.71,4.69,1.03,0.11,3.00,0.11,3.63,0.97,0.23,visual,0.45,visual,0.45,unidominant,1.57,0.14,3.52,0.19,3.81,Visual,0.40
307,slimy,seaweed,slug,40,41,1.00,1.00,0.60,2.18,4.68,0.90,3.58,0.56,1.02,4.54,0.41,4.29,0.97,0.23,haptic,0.34,haptic,0.38,unidominant,0.81,2.05,4.52,0.86,3.81,Haptic,0.31
308,slippery,ice rink,jello,43,42,1.00,0.98,1.12,0.07,4.65,0.23,3.72,0.56,3.24,4.93,0.32,3.51,0.88,0.49,haptic,0.47,haptic,0.37,unidominant,1.48,1.29,4.62,0.48,3.86,Haptic,0.35
309,slushy,slurpee,snow,42,40,1.00,1.00,2.24,4.55,3.79,0.57,4.00,2.30,1.65,4.43,0.28,4.30,0.92,0.41,gustatory,0.26,haptic,0.32,bidominant,2.24,1.86,3.52,0.43,3.57,Visual,0.27
310,small,mouse,sweater,40,43,0.96,1.00,1.05,0.05,4.00,0.13,4.83,0.07,0.00,3.65,0.02,4.58,0.99,0.16,visual,0.47,visual,0.55,unidominant,0.43,0.00,3.67,0.00,4.95,Visual,0.55
311,smelly,dirty laundry,toilet,43,43,1.00,1.00,0.07,0.60,1.35,5.00,2.51,0.12,0.47,0.53,4.88,2.86,0.99,0.16,olfactory,0.52,olfactory,0.54,unidominant,0.33,1.43,0.24,5.00,1.38,Olfactory,0.57
312,smoky,bbq,exhaust,41,40,1.00,1.00,1.27,3.17,1.37,4.46,4.12,1.18,0.98,0.73,3.90,4.20,0.95,0.32,olfactory,0.22,visual,0.32,bidominant,0.67,3.33,0.48,4.57,4.52,Olfactory,0.30
313,smooth,ship's hull,tie,43,42,0.93,0.98,0.73,0.08,4.28,0.08,4.15,0.46,0.05,4.76,0.10,4.10,1.00,0.08,haptic,0.45,haptic,0.50,unidominant,1.33,1.86,4.95,0.38,4.14,Haptic,0.36
314,snarling,utterance,wolf,42,40,0.90,1.00,4.47,0.03,0.16,0.05,2.03,4.70,0.00,0.53,0.15,4.35,0.95,0.32,auditory,0.66,auditory,0.48,unidominant,4.38,0.00,0.24,0.00,3.52,Auditory,0.54
315,snorting,horse,laughter,40,43,0.99,0.98,4.88,0.03,0.74,0.26,3.00,4.81,0.00,0.29,0.17,2.31,0.99,0.13,auditory,0.54,auditory,0.64,unidominant,4.65,0.35,0.30,0.35,2.80,Auditory,0.51
316,soapy,avocado,washcloth,43,43,0.98,1.00,0.05,3.21,2.64,1.29,2.02,0.37,0.74,4.37,2.00,4.56,0.80,0.64,gustatory,0.34,visual,0.35,bidominant,0.67,1.71,3.67,3.19,3.81,Visual,0.24
317,sodden,camping mat,lawn,41,40,0.73,0.93,0.77,0.20,3.90,1.60,3.80,0.49,0.43,3.30,1.81,3.76,0.99,0.11,haptic,0.36,visual,0.34,bidominant,0.39,0.11,3.56,0.72,3.67,Visual,0.42
318,soft,breeze,music,42,43,0.98,1.00,2.29,0.27,4.29,0.80,1.56,4.91,0.02,0.42,0.00,0.63,0.55,0.99,haptic,0.44,auditory,0.82,bidominant,1.67,1.33,4.95,0.67,4.14,Haptic,0.34
319,solid,pool ball,wood,42,40,1.00,1.00,1.88,0.43,4.33,0.05,3.93,1.80,0.40,4.60,0.18,4.03,1.00,0.04,haptic,0.40,haptic,0.40,unidominant,1.86,1.71,4.81,0.19,4.57,Haptic,0.35
320,sonorous,church bell,ship's horn,40,43,0.93,0.98,4.87,0.00,0.78,0.00,1.78,4.90,0.00,0.62,0.02,1.07,0.99,0.14,auditory,0.65,auditory,0.74,unidominant,4.78,0.00,0.89,0.11,0.67,Auditory,0.74
321,sore,muscle,throat,43,43,1.00,1.00,0.12,0.00,4.72,0.02,0.56,1.98,1.81,3.47,0.12,0.98,0.80,0.64,haptic,0.87,haptic,0.40,unidominant,1.05,0.10,4.29,0.10,3.19,Haptic,0.48
322,soundless,motion,signal,41,40,1.00,1.00,3.37,0.02,0.93,0.07,3.85,3.68,0.10,0.35,0.10,2.05,0.94,0.35,visual,0.46,auditory,0.57,bidominant,4.43,0.05,0.33,0.05,1.71,Auditory,0.67
323,sour,lemon,vinegar,43,42,0.98,0.98,0.02,4.95,0.36,2.50,1.02,0.10,4.83,0.12,3.83,0.46,0.97,0.23,gustatory,0.56,gustatory,0.51,unidominant,0.14,4.81,0.05,2.71,1.19,Gustatory,0.53
324,sparkly,stars,wine,43,40,1.00,0.99,0.05,0.00,0.23,0.00,4.91,1.13,3.68,0.74,1.10,4.08,0.71,0.77,visual,0.95,visual,0.31,unidominant,1.19,0.19,1.29,0.14,4.57,Visual,0.60
325,speckled,banana,hen,43,40,0.97,0.71,0.05,2.12,1.50,1.60,4.73,0.54,0.04,0.79,0.21,4.48,0.88,0.49,visual,0.47,visual,0.73,unidominant,0.33,0.14,1.43,0.24,4.71,Visual,0.67
326,spicy,incense,salsa,43,43,0.98,1.00,0.02,1.98,0.14,4.38,1.07,0.07,4.84,0.58,3.51,2.12,0.87,0.52,olfactory,0.57,gustatory,0.43,bidominant,0.33,5.00,0.43,4.24,1.67,Gustatory,0.40
327,spiky,hedgehog,sea anenome,41,40,0.98,0.98,0.23,0.23,4.68,0.03,4.55,0.10,0.62,4.33,0.13,4.49,1.00,0.08,haptic,0.48,visual,0.45,bidominant,0.67,0.81,4.86,0.14,4.52,Haptic,0.43
328,spotted,leopard,melon skin,42,43,0.98,0.99,0.10,0.00,0.22,0.05,4.78,0.17,0.79,2.12,0.71,4.74,0.91,0.42,visual,0.93,visual,0.54,unidominant,0.57,0.19,1.19,0.10,4.67,Visual,0.68
329,square,box,window,40,42,1.00,1.00,0.18,0.10,3.73,0.03,4.75,0.21,0.05,3.57,0.10,4.95,1.00,0.04,visual,0.54,visual,0.55,unidominant,0.00,0.05,4.00,0.00,4.43,Visual,0.52
330,squeaking,gym floor,hinge,43,40,1.00,0.96,4.91,0.05,2.14,0.23,1.98,4.72,0.05,0.74,0.03,1.08,0.96,0.28,auditory,0.52,auditory,0.71,unidominant,4.52,0.05,0.90,0.05,1.38,Auditory,0.65
331,squealing,car tyres,pig,43,43,0.98,1.00,4.86,0.05,0.67,1.40,3.02,4.93,0.02,0.28,0.12,2.98,0.97,0.23,auditory,0.48,auditory,0.59,unidominant,4.67,0.00,0.19,0.00,2.05,Auditory,0.68
332,stagnant,air,puddle,41,40,0.97,0.93,1.03,0.72,1.95,2.83,1.18,0.86,0.35,1.51,1.18,4.22,0.68,0.82,olfactory,0.27,visual,0.48,bidominant,0.40,1.05,1.05,3.10,3.15,Visual,0.31
333,stale,beer,bread,42,43,0.93,0.99,0.28,4.79,0.49,2.62,1.54,0.48,4.55,3.09,2.00,3.12,0.88,0.49,gustatory,0.46,gustatory,0.31,unidominant,0.71,4.71,2.71,3.81,3.76,Gustatory,0.25
334,steep,hill,staircase,40,42,1.00,1.00,0.43,0.00,2.43,0.10,4.83,0.69,0.10,3.36,0.05,4.81,0.99,0.15,visual,0.62,visual,0.53,unidominant,0.86,0.10,2.57,0.10,4.95,Visual,0.57
335,stenchy,sneakers,trash can,43,40,0.95,0.98,0.07,0.66,0.83,4.66,2.05,0.18,0.74,0.72,4.43,2.82,0.99,0.15,olfactory,0.55,olfactory,0.48,unidominant,0.33,1.52,0.19,4.90,1.90,Olfactory,0.53
336,sticky,cotton candy,glue,43,43,1.00,1.00,0.14,3.21,4.84,0.74,3.02,0.44,0.58,4.98,0.42,3.60,0.91,0.43,haptic,0.39,haptic,0.45,unidominant,0.05,2.38,4.62,0.43,3.10,Haptic,0.43
337,stinging,iodine,jellyfish,40,41,0.98,1.00,0.38,0.69,4.36,1.36,1.41,0.73,0.32,4.56,0.24,2.80,0.94,0.35,haptic,0.48,haptic,0.50,unidominant,0.38,0.14,4.67,0.05,1.76,Haptic,0.66
338,stinky,garbage dump,skunk,42,43,0.95,1.00,0.68,1.60,1.10,4.98,2.85,0.09,0.88,0.26,4.77,1.67,0.97,0.26,olfactory,0.38,olfactory,0.61,unidominant,0.24,1.95,0.10,4.76,1.48,Olfactory,0.55
339,straight,laser beam,road,42,40,1.00,1.00,0.43,0.12,0.57,0.12,4.83,0.40,0.03,0.95,0.03,4.90,1.00,0.08,visual,0.78,visual,0.77,unidominant,0.19,0.10,4.00,0.05,4.90,Visual,0.53
340,striped,pajamas,zebra,40,43,0.98,1.00,0.18,0.00,0.51,0.00,4.88,0.00,0.00,0.21,0.00,4.95,1.00,0.07,visual,0.88,visual,0.96,unidominant,0.29,0.10,0.90,0.05,4.52,Visual,0.76
341,strong,cable,whiskey,43,43,1.00,1.00,0.44,0.07,4.30,0.02,3.77,0.07,4.98,0.16,4.26,0.70,0.10,1.47,haptic,0.50,gustatory,0.48,bidominant,1.90,3.29,3.71,3.00,3.90,Visual,0.13
342,sturdy,ox,wall,41,40,1.00,1.00,0.88,0.05,3.10,0.34,4.54,1.03,0.05,4.35,0.05,3.70,0.96,0.27,visual,0.50,haptic,0.47,bidominant,0.76,0.29,4.19,0.24,4.14,Haptic,0.41
343,sunny,day,room,42,43,0.98,1.00,0.85,0.27,2.61,0.98,4.90,0.30,0.05,2.58,0.56,4.91,0.99,0.13,visual,0.48,visual,0.58,unidominant,0.29,0.10,0.95,0.29,4.95,Visual,0.74
344,sweaty,t shirt,towel,42,40,1.00,1.00,0.31,1.21,4.31,3.79,4.40,0.45,1.10,4.15,4.08,3.53,0.99,0.12,visual,0.29,haptic,0.28,bidominant,0.24,1.43,3.52,4.05,3.81,Olfactory,0.29
345,sweet,air freshener,chocolate,40,43,0.99,1.00,0.18,1.25,0.05,4.75,0.51,0.00,4.95,0.51,3.21,1.98,0.73,0.76,olfactory,0.70,gustatory,0.47,bidominant,1.19,4.86,0.57,3.90,2.19,Gustatory,0.34
346,swift,dolphin,jet fighter,43,43,1.00,1.00,2.30,0.00,0.84,0.07,4.86,2.95,0.00,0.53,0.00,4.81,0.99,0.12,visual,0.60,visual,0.58,unidominant,2.86,0.10,1.24,0.24,4.57,Visual,0.50
347,swinging,hammock,music,40,41,1.00,1.00,2.33,0.00,2.93,0.03,4.55,4.80,0.00,0.73,0.05,1.73,0.70,0.80,visual,0.46,auditory,0.66,bidominant,1.57,0.10,2.67,0.10,4.43,Visual,0.49
348,tall,basket ball player,skyscraper,43,42,1.00,0.98,0.88,0.02,2.02,0.07,4.98,0.32,0.00,0.78,0.07,4.95,0.97,0.25,visual,0.62,visual,0.81,unidominant,0.19,0.00,2.71,0.00,4.90,Visual,0.63
349,tangerine,buddhist robe,pumpkin,40,42,1.00,0.95,0.28,0.23,0.30,0.28,4.58,0.30,2.33,1.25,1.88,3.73,0.81,0.62,visual,0.77,visual,0.36,unidominant,0.29,4.19,2.10,3.24,4.33,Visual,0.29
350,tangy,lemon,marmalade,43,40,1.00,0.86,0.12,4.95,0.74,3.05,1.28,0.18,4.54,0.41,3.00,1.06,1.00,0.07,gustatory,0.48,gustatory,0.48,unidominant,0.19,4.75,0.19,3.10,0.81,Gustatory,0.50
351,tapering,carrot,pant legs,43,43,0.81,1.00,0.40,2.17,3.31,0.51,3.77,0.42,0.02,3.16,0.00,4.30,0.91,0.42,visual,0.33,visual,0.54,unidominant,0.60,0.20,3.00,0.20,3.40,Visual,0.43
352,tarry,lungs,pavement,40,41,0.83,0.93,1.55,0.64,1.73,0.48,2.85,0.26,0.16,3.29,2.08,4.39,0.89,0.47,visual,0.33,visual,0.42,unidominant,0.00,0.47,2.41,2.24,3.88,Visual,0.43
353,tart,cranberry,wine,43,42,0.98,0.90,0.17,4.76,0.83,2.00,1.93,0.21,4.71,0.29,2.95,0.68,0.96,0.30,gustatory,0.47,gustatory,0.51,unidominant,0.11,4.16,0.84,1.89,2.42,Gustatory,0.43
354,tasteless,clothes,water,42,40,1.00,1.00,0.12,2.05,0.98,1.05,3.26,0.13,4.93,0.28,2.05,1.30,0.74,0.74,visual,0.42,gustatory,0.55,bidominant,0.33,4.33,0.19,3.24,1.10,Gustatory,0.45
355,tender,bruise,steak,43,40,1.00,1.00,0.16,0.00,4.49,0.12,3.35,0.33,4.88,3.28,1.33,3.03,0.66,0.85,haptic,0.55,gustatory,0.35,bidominant,1.62,2.62,3.95,1.24,3.00,Haptic,0.22
356,tepid,bath,stew,43,43,0.67,0.84,0.59,0.24,4.17,0.62,2.90,0.22,4.14,1.78,2.42,2.17,0.57,0.96,haptic,0.46,gustatory,0.37,bidominant,0.32,1.37,3.68,0.47,1.00,Haptic,0.49
357,thorny,bramble,rose,41,40,0.93,1.00,0.34,0.16,4.55,0.08,4.32,0.10,0.20,4.80,0.20,4.33,1.00,0.05,haptic,0.47,haptic,0.49,unidominant,0.76,0.76,4.90,0.24,4.43,Haptic,0.42
358,thudding,footsteps,heartbeat,43,42,1.00,0.98,4.77,0.00,1.35,0.02,2.70,4.15,0.00,3.98,0.07,1.88,0.89,0.48,auditory,0.54,auditory,0.41,unidominant,4.57,0.05,2.24,0.05,2.86,Auditory,0.46
359,thumping,dryer,headache,40,42,1.00,0.99,4.85,0.03,2.58,0.30,2.98,1.79,0.15,3.57,0.12,0.78,0.79,0.65,auditory,0.45,haptic,0.54,bidominant,3.90,0.14,2.52,0.19,2.62,Auditory,0.40
360,ticklish,arm pit,sole,40,43,0.98,0.95,1.03,0.00,4.33,0.00,1.77,0.83,0.02,4.66,0.07,2.39,0.99,0.10,haptic,0.61,haptic,0.58,unidominant,1.10,0.19,4.67,0.14,2.67,Haptic,0.52
361,tight,collar,rope,43,43,1.00,1.00,0.33,0.00,4.63,0.00,3.84,0.37,0.05,4.79,0.05,4.49,1.00,0.06,haptic,0.53,haptic,0.49,unidominant,0.71,0.00,4.14,0.10,3.90,Haptic,0.47
362,tinkling,stream,wine glasses,40,41,1.00,0.98,4.03,0.35,1.85,0.50,3.58,4.18,0.23,1.85,0.18,3.38,1.00,0.07,auditory,0.36,auditory,0.41,unidominant,4.15,0.00,1.50,0.20,1.80,Auditory,0.54
363,tiny,ant,voice,43,42,1.00,0.98,0.44,0.14,2.72,0.07,4.93,4.78,0.02,0.24,0.07,0.68,0.23,1.34,visual,0.59,auditory,0.82,bidominant,0.62,0.24,3.33,0.05,4.62,Visual,0.52
364,tough,canvas,meat,42,40,1.00,1.00,0.86,0.29,4.79,0.17,3.45,0.28,4.35,3.73,0.50,2.43,0.74,0.73,haptic,0.48,gustatory,0.36,bidominant,0.57,2.14,3.76,0.14,3.38,Haptic,0.36
365,translucent,frosted glass,jellyfish,40,43,0.96,1.00,0.21,0.08,1.61,0.03,4.72,0.00,0.00,0.79,0.05,4.91,0.98,0.17,visual,0.71,visual,0.85,unidominant,0.42,0.21,1.05,0.21,4.68,Visual,0.68
366,transparent,ice cube,window,43,43,1.00,0.98,0.05,0.51,0.47,0.05,4.95,0.10,0.02,0.86,0.00,4.90,0.99,0.13,visual,0.81,visual,0.83,unidominant,0.25,0.14,0.62,0.14,4.81,Visual,0.78
367,triangular,road sign,tortilla chips,41,40,0.98,1.00,0.05,0.03,2.83,0.03,4.88,0.13,1.43,4.25,0.18,4.68,0.95,0.30,visual,0.62,visual,0.43,unidominant,0.29,0.00,3.57,0.00,4.62,Visual,0.54
368,ugly,blemish,witch,42,43,0.98,0.99,0.15,0.22,2.32,0.22,4.68,1.65,0.10,1.40,0.81,4.74,0.94,0.36,visual,0.60,visual,0.53,unidominant,0.86,0.71,1.67,1.14,5.00,Visual,0.46
369,uneven,countenance,surface,40,42,0.53,1.00,0.52,0.00,1.29,0.00,3.43,0.48,0.21,4.57,0.10,4.45,0.90,0.44,visual,0.65,haptic,0.46,bidominant,1.52,0.43,4.29,0.43,4.57,Visual,0.37
370,unripe,peach,red pepper,43,40,1.00,0.99,0.37,4.72,4.05,2.72,3.81,0.18,4.33,1.79,2.05,3.78,0.96,0.27,gustatory,0.28,gustatory,0.34,unidominant,0.29,3.95,3.43,2.67,4.14,Visual,0.27
371,vinegary,chemicals,pickles,42,40,1.00,0.93,0.38,4.10,0.76,4.17,1.31,0.08,4.92,0.22,3.89,0.84,0.98,0.18,olfactory,0.35,gustatory,0.49,bidominant,0.00,4.95,0.38,4.19,1.76,Gustatory,0.44
372,vivid,color,imagination,40,41,1.00,1.00,0.20,0.08,0.10,0.08,4.88,2.63,0.95,1.15,1.37,3.71,0.78,0.68,visual,0.90,visual,0.28,unidominant,2.52,1.71,1.19,1.62,4.52,Visual,0.29
373,wailing,mourner,siren,42,43,0.86,0.98,4.78,0.14,0.53,0.06,4.06,4.98,0.00,0.31,0.05,2.52,0.97,0.24,auditory,0.49,auditory,0.63,unidominant,4.95,0.15,0.25,0.10,2.85,Auditory,0.58
374,warbling,birdsong,opera singer,40,42,0.80,0.90,4.22,0.00,0.22,0.00,1.53,4.63,0.05,0.42,0.11,2.79,0.98,0.20,auditory,0.71,auditory,0.57,unidominant,3.94,0.25,0.81,0.25,1.94,Auditory,0.51
375,warm,fire,jacket,40,43,0.99,1.00,1.26,0.10,4.58,1.38,3.10,0.16,0.00,4.77,0.26,3.37,0.96,0.28,haptic,0.43,haptic,0.56,unidominant,0.62,2.86,4.81,1.14,2.38,Haptic,0.35
376,waxy,candle,complexion,43,43,1.00,1.00,0.14,0.49,4.67,1.12,4.07,0.12,0.33,4.09,0.49,4.02,0.99,0.11,haptic,0.43,haptic,0.44,unidominant,0.62,1.62,4.67,2.14,4.00,Haptic,0.31
377,weak,muscle,night light,40,41,1.00,1.00,0.23,0.08,4.05,0.03,2.78,0.27,0.00,0.41,0.07,4.80,0.63,0.88,haptic,0.56,visual,0.86,bidominant,1.86,2.14,3.19,1.43,3.67,Visual,0.18
378,weightless,astronaut,feather,43,42,0.98,0.98,0.36,0.00,1.86,0.00,4.55,0.63,0.15,4.32,0.05,3.54,0.88,0.50,visual,0.67,haptic,0.49,bidominant,1.24,0.29,4.29,0.14,3.05,Haptic,0.46
379,wet,patio,tongue,40,42,1.00,1.00,1.50,0.45,3.98,1.55,4.60,1.05,2.79,4.36,0.38,3.57,0.90,0.45,visual,0.34,haptic,0.33,bidominant,1.86,1.71,4.67,1.81,4.33,Haptic,0.21
380,whining,dog,toddler,40,43,1.00,1.00,4.85,0.00,0.55,0.13,3.00,4.98,0.00,0.37,0.33,4.23,0.99,0.16,auditory,0.57,auditory,0.50,unidominant,4.86,0.10,0.14,0.10,2.48,Auditory,0.62
381,whistling,life guard,supporter,43,43,1.00,1.00,4.88,0.00,0.23,0.00,3.58,4.95,0.00,0.19,0.00,3.42,1.00,0.03,auditory,0.56,auditory,0.58,unidominant,4.95,0.10,0.29,0.10,2.05,Auditory,0.65
382,white,sheets,swan,40,41,1.00,1.00,0.25,0.00,0.63,0.45,4.93,0.05,0.00,0.51,0.05,4.93,1.00,0.09,visual,0.79,visual,0.89,unidominant,0.24,0.10,0.10,0.14,4.57,Visual,0.87
383,wide,pants,street,42,43,0.98,1.00,0.20,0.05,3.66,0.05,4.76,1.23,0.00,1.14,0.12,4.98,0.89,0.47,visual,0.54,visual,0.67,unidominant,0.48,0.29,3.67,0.14,4.81,Visual,0.50
384,wiry,body,grass,40,42,0.90,0.89,0.56,0.11,2.58,0.08,4.19,0.38,0.43,4.39,0.27,3.97,0.96,0.29,visual,0.55,haptic,0.44,bidominant,1.05,0.76,4.10,0.29,4.19,Visual,0.38
385,wispy,clouds,sapling,40,43,0.91,0.74,0.64,0.06,0.33,0.08,4.51,1.50,0.19,2.63,0.50,3.75,0.85,0.56,visual,0.79,visual,0.42,unidominant,1.63,0.89,3.26,0.26,4.21,Visual,0.38
386,woolly,mittens,sheep,43,43,1.00,0.98,0.07,0.21,4.79,0.16,3.88,0.36,0.00,4.83,0.24,4.50,1.00,0.09,haptic,0.52,haptic,0.49,unidominant,0.14,0.14,4.43,0.14,4.29,Haptic,0.47
387,yellow,lemon,tennis ball,43,43,1.00,1.00,0.00,0.53,0.28,0.30,4.98,0.26,0.00,0.58,0.05,4.98,0.99,0.14,visual,0.82,visual,0.85,unidominant,0.15,0.05,0.00,0.05,4.90,Visual,0.95