WORD,Transliteration,English_Translation,Category,Abstractness,Length,Gender,Fr_obj_Lg,Vis_Mean,Vis_SD,Aud_Mean,Aud_SD,Olf_Mean,Olf_SD,Gus_Mean,Gus_SD,Hap_Mean,Hap_SD,Img_Mean,Img_SD,Man_Mean,Man_SD,Space17_Mean,Space17_SD,AoA_Mean,AoA_SD,Fr_Mean,Fr_SD
_______,abrikos,apricot,Food,concrete,7,m,0.6,4.03,2.3,1.63,1.61,5,2.14,5.82,1.61,4.97,1.76,5.93,1.49,6,1.5,3.92,1.59,4.13,1.66,3.96,1.69
_______,avtobus,bus,Transport,concrete,7,m,1.8,4.53,2.18,4.77,1.72,2.97,1.95,1.61,1.31,5.14,1.87,6.67,0.62,5.66,1.68,3.22,1.64,4.03,1.75,6.75,0.52
__________,avtomobil,car,Transport,concrete,10,m,2.2,6.45,0.99,5,1.59,4.1,1.88,1.74,1.38,4.46,2.16,6.86,0.52,6.7,0.53,2.88,1.14,3.63,1.81,6.08,1.44
____,aist,stork,Animal,concrete,4,m,0.6,3.9,2.18,1.79,0.94,2.21,1.63,2.21,1.9,2.66,1.88,6.55,0.99,1.9,1.54,5.24,1.75,4.33,1.71,2.14,1.27
_____,akula,shark,Animal,concrete,5,f,1,4.91,2.25,2.29,1.78,2.24,2.13,2.27,1.7,3.11,2.5,6.86,0.36,2.16,2,1.71,1.27,4.8,2.23,3.2,1.79
______,aktsent,accent,Sound,concrete,6,m,1.4,1.91,1.55,4.64,1.99,1.38,0.94,1,0,1.68,1.42,3.82,2.2,1.8,1.63,3.64,1.62,9.4,2.81,4.2,1.58
______,ananas,pineapple,Food,concrete,6,m,0.7,4.48,2.21,1.55,1.18,5.41,1.57,6.15,1.56,4.07,2.23,6.83,0.54,4.27,2.18,2.91,1.49,5.2,1.99,2.9,1.57
_______,antenna,antenna,Object,concrete,7,f,1,4.57,2.33,1.96,1.82,1.58,1.5,1,0,3.19,2.25,6.66,0.9,5.43,2.02,5.16,1.78,5.69,2.68,3.27,1.95
________,apelsin,orange,Food,concrete,8,m,0.9,4.8,2.06,1.86,1.94,6.15,1.19,6.54,0.84,4.7,1.9,6.9,0.41,5.68,1.9,3.72,1.37,3.38,1.58,5.69,1.61
_____,arbuz,water-melon,Food,concrete,5,m,1,4.41,2.04,2.07,1.71,5.14,1.79,6.03,1.7,5.1,1.97,6.93,0.38,5.21,1.88,1.78,0.91,3.11,1.55,3.89,1.37
_______,asfalt,asphalt ,Ground,concrete,7,m,1.5,4.14,2.12,1.79,1.26,4,1.98,1.91,1.55,3.97,1.92,6.66,0.9,3.86,2.36,2.15,1.56,4.57,1.68,4.41,1.92
_____,ataka,attack,Action,abstract,5,f,1.6,3.6,2.14,3.71,2.23,1.81,1.5,1.54,1.26,3.11,2.41,5,1.6,5.14,2.08,4.22,1.86,5.62,2.33,3.73,1.84
________,aerostat,balloon,Transport,concrete,8,m,0.5,3.53,2.2,3.43,2.33,1.52,1.27,1.23,0.75,2.32,2.09,4.04,2.2,3.8,2.38,4.32,2.16,11.25,3.13,1.6,1.22
_______,babochka,butterfly,Animal,concrete,7,f,1.3,5.87,1.5,1.7,1.23,1.27,0.78,1.44,1.05,4.08,1.94,6.83,0.76,2.73,2.07,4.79,1.49,3.23,1.43,3.65,1.98
________,baklazhan,aubergine,Food,concrete,8,m,0.7,4.66,2.39,1.64,1.39,3.55,2.01,5.27,1.86,4.14,2.41,6.86,0.36,4.84,2.15,1.97,1.17,5.83,2.77,3.27,1.91
_____,baran,ram,Animal,concrete,5,m,1,5.44,2.12,4.5,1.9,4.07,1.93,4.14,2.25,3.79,2.23,6.75,0.65,3.48,2.23,2.62,1.41,4.13,2.34,3.73,2.05
_____,barzha,barge,Transport,concrete,5,f,1,3.76,2.06,2.76,1.79,2,1.49,1.45,1.28,2.62,1.82,5.82,1.74,4.2,2.2,2.67,1.69,8.83,2.65,1.97,1.32
______,barsuk,badger,Animal,concrete,6,m,0.4,4,2.1,2.03,1.55,3.59,2.11,2.18,1.83,2.79,2.21,6.17,1.14,2.3,1.91,2.58,1.58,6.67,2.66,2.38,1.52
_________,batareyka,battery,Tool_precise_grip,concrete,9,f,0.7,4.63,2.42,1.57,1.26,2,1.67,2.05,1.43,4.36,2.41,6.82,0.39,4.74,1.91,2.26,1.33,5.13,2.49,4.5,2.05
_____,bashnya,tower,Building,concrete,5,f,1.6,5.4,2.03,1.8,1.75,2.21,2.11,1.54,1.6,2.76,1.96,6.33,1.21,4.5,2.3,5.49,1.61,5.2,1.71,3.79,1.75
___,beg,running,Action,abstract,3,m,1.3,3.41,1.99,3.37,1.67,2.07,1.73,1.72,1.51,2.92,2.47,5.1,1.57,3,1.98,2.61,1.54,3.7,1.64,5.38,1.47
______,bezdna,abyss,Ground,concrete,6,f,1.2,3.57,2.14,2.63,1.94,1.47,1.22,1.5,1.36,1.83,1.56,5.21,1.87,1.23,0.8,1.78,1.91,9.63,3.12,3.03,1.45
_____,belka,squirrel,Animal,concrete,5,f,1.1,4.97,2.36,3.17,1.95,2.52,1.43,3.11,2.39,4.28,1.94,6.33,1.18,3.16,2.29,3.62,1.83,4.27,1.93,4.52,1.89
_____,biser,glass beads,Tool_precise_grip,concrete,5,m,0.6,5.13,2.31,2.18,1.56,1.17,0.6,1.64,1.36,4.11,2.5,6.71,0.71,6.32,1.28,2.5,1.46,6.27,2.13,2.53,1.7
____,bobr,beaver,Animal,concrete,4,m,0,4.84,2.11,1.5,0.88,1.9,1.32,1.44,1.01,3.23,2.14,6.55,0.95,2.3,2.02,2.66,1.1,4.87,1.93,2.96,1.66
_____,bokal,wineglass,Tool_precise_grip,concrete,5,m,1.4,4.38,2.26,2.97,2.06,2.55,1.9,2.76,1.99,5.69,1.63,6.59,1.08,5.83,1.87,3.03,1.23,6.07,2.99,5,1.59
____,bolt,bolt,Tool_precise_grip,concrete,4,m,0.8,3.93,2.23,2,1.3,1.77,1.22,1.4,0.81,3.34,2.29,6.41,1.48,5.65,1.85,2.47,1.19,6.19,1.49,3,1.54
____,bol,pain,Sense_Phys,abstract,4,f,2.1,3,2.1,3.34,1.91,2.17,1.91,2.12,2.04,4.14,2.59,3.86,2.03,3.17,2.05,4.42,1.94,3.67,1.97,5.14,1.62
_______,botinok,lace boot,Clothes,concrete,7,m,1.6,3.86,2.26,2.17,1.51,3.52,2.26,1.39,0.83,4.83,1.83,6.86,0.44,4.63,2.13,1.94,1.2,3.8,1.42,4.93,1.85
_________,boyaryishnik,hawthorn,Food,concrete,9,m,0.4,3.24,1.98,1.43,1.17,5.1,2.01,5.07,1.93,3.79,2.32,4.87,1.91,3.07,2.32,2.64,1.56,7.52,4.11,2.4,1.35
_____,brov,eyebrow,Body_Part,concrete,5,f,1.6,4.67,2.34,1.37,1.4,1.55,1.24,1.57,1.17,4.86,2,6.56,0.93,4,2.29,3.68,1.67,3.83,1.84,4.93,2
______,brosok,throw,Action,abstract,6,m,1,3.1,2.5,2.5,1.97,1.15,0.78,1.21,0.96,3.22,2.24,5.41,1.64,5.33,2.12,3.75,1.46,4.92,1.96,3.7,1.86
________,brusnika,cowberry,Food,concrete,8,f,0.6,4.74,2.13,1.43,1.35,3.87,2.06,5.67,1.59,4.15,1.95,6.41,1.38,4.55,2.06,2.94,1.25,6.2,2.72,2.88,1.77
________,bumerang,boomerang,Tool_power_grip,concrete,8,m,0.4,4.2,2.06,2.96,1.76,1.33,1.15,1.47,1.01,3.62,2.18,6.34,1.08,6.32,1.28,4.78,1.77,6.59,2.71,2.28,1.51
______,bunker,bunker,Building,concrete,6,m,0.8,3.73,2.27,2.19,1.44,1.83,1.53,1.17,0.53,2.17,1.56,5.97,1.32,4,2.29,1.25,0.62,9.56,2.86,2.52,1.5
________,burunduk,chipmunk,Animal,concrete,8,m,0.2,4.87,2.24,2.97,1.99,2.72,1.81,2.29,1.94,3.83,2.19,5.67,1.84,2.94,2.27,2.46,1.61,5.97,2.75,2.29,1.46
______,busina,bead,Tool_precise_grip,concrete,6,f,0.3,4.84,2.37,2,1.25,1.43,1.3,2.19,1.84,5.65,1.6,6.48,0.95,5.53,1.68,2.59,1.13,4.87,2.46,2.38,1.5
___,byik,bull,Animal,concrete,3,m,1.4,5.03,2.39,3.39,1.83,2.63,1.81,2,1.36,3.35,1.74,6.59,1.15,2.67,1.95,3.21,1.22,3.97,2.34,3.04,1.82
_____,vagon,carriage,Transport,concrete,5,m,1.9,4.07,2.14,4.28,2.15,2.52,1.96,1.14,0.44,3.52,2.54,6.56,1.15,3.93,2.22,3.09,1.28,4.96,2.67,3.32,2
_______,valenok,valenki (sing.),Clothes,concrete,7,m,1.2,3.73,2.33,1.85,1.51,2.1,1.27,1.63,1.56,3.79,2.37,6.76,0.79,5.81,1.66,1.94,1.08,3.81,1.92,2.48,1.68
____,vdoh,inhalation,Action,abstract,4,m,0.8,2.27,1.78,4.56,1.91,4.93,2.5,2.7,2.2,1.9,1.45,4.89,1.79,1.48,1.46,4.25,1.5,4.19,2.6,4.83,2.11
____,veko,eyelid,Body_Part,concrete,4,n,1.3,5.1,2.23,1.5,1.25,1.24,0.69,1.82,1.72,4.38,2.24,6.04,1.45,3.13,2.04,3.86,1.65,6.07,2.65,3.43,1.6
_________,velosiped,bicycle,Transport,concrete,9,m,1.4,4.83,2.32,3.29,1.96,1.73,1.43,1.39,1.23,5.26,1.77,6.86,0.52,6.61,0.64,2.5,1.24,3.65,1.92,4.5,1.89
_____,venets,crown,Clothes,concrete,5,m,1,3.34,1.67,1.77,1.77,1.62,1.47,1.34,0.77,2.88,2.27,4.9,2.16,3.83,2.41,3.76,2.28,8.7,2.69,2.43,1.5
_____,venik,besom,Tool_power_grip,concrete,5,m,0.9,4,2.31,3.28,2.09,2.62,1.74,1.38,0.94,5.28,2.03,6.63,1.01,6.45,1.02,2.31,1.42,3.85,2.13,4.07,1.68
_______,verblyud,camel,Animal,concrete,7,m,1.1,4.77,2.37,2.89,1.87,2.81,2.02,1.46,1.2,3.07,2.13,6.72,0.84,3.19,2.66,3.81,1.45,4.54,2.47,2.17,1.21
________,vertolet,helicopter,Transport,concrete,8,m,1.6,3.86,1.98,4.93,2.05,1.68,1.22,1.61,1.43,3,2.1,6.59,0.98,4.97,2.31,5.58,1.48,5.17,1.68,3.03,1.95
_______,vesele,fun,Sense_Emotion,abstract,7,n,1.2,3.6,2.22,5.2,2.04,2.34,2.07,2.39,1.97,1.97,1.61,3.84,1.55,3.09,1.96,5.05,1.82,4.5,2.15,5.96,1.23
_____,vilka,fork,Tool_precise_grip,concrete,5,f,1.2,4.53,2.27,1.86,1.33,2.73,1.76,4.14,1.96,5.48,1.45,6.93,0.26,6.68,1.11,2.75,1.5,2.54,1.1,6.4,1.25
____,vina,guilt,Sense_Emotion,abstract,4,f,1.7,2.07,1.65,1.6,1.57,2.28,2.1,2.41,2.08,1.58,1.32,2.97,2.06,2.1,1.88,4.15,1.73,6.03,3.54,4.93,1.78
________,vinograd,grapes (sing.),Food,concrete,8,m,1.1,4.97,2.4,1.82,1.74,4.21,2.02,6.32,1.17,4.86,2.41,6.61,0.96,5.13,2,3.79,1.68,4,2.02,3.97,1.61
_____,vishnya,cherry,Food,concrete,5,f,0.9,4.48,2.23,1.31,1.14,5.69,1.75,6.52,0.83,4.9,2.21,6.74,0.59,4.69,2,4.03,1.71,4,2.32,4.64,1.52
____,vkus,taste,Sense_Phys,abstract,4,m,1.9,1.77,1.65,1.86,1.67,4.81,2.26,5.89,1.95,2.3,1.38,3.79,1.97,2.24,1.89,3.81,1.65,3.27,2.01,6,1.58
_____,volan,shuttlecock,Tool_power_grip,concrete,5,m,0.2,3.83,2.3,2.93,2.07,1.31,0.85,1.1,0.31,4.03,2.57,4.59,2.53,4.21,2.17,3.48,1.46,8.21,3.99,1.61,0.99
____,volk,wolf,Animal,concrete,4,m,1.6,5.2,2.02,4.37,2.13,2.62,1.74,2.79,2.56,3.72,2.22,6.52,0.94,2.56,1.79,2.68,1.47,3.63,1.71,3.04,2.01
________,volnenie,excitement ,Sense_Emotion,abstract,8,n,1.6,2.34,1.67,2.77,1.77,1.76,1.6,1.9,1.26,1.54,0.78,2.87,1.96,2.07,1.89,3.91,2.08,7.6,3.17,4.9,1.73
______,volchok,whipping top,Tool_precise_grip,concrete,6,m,0.5,4.14,2.12,3.07,1.96,2.14,1.85,1.62,1.15,4.83,2.24,5.8,1.79,5.4,2.08,2.15,1.25,5.07,2.85,2.17,1.32
___________,voobrazhenie,imagination,Intelligence,abstract,11,n,1.5,4.93,2.14,2.55,1.88,1.69,1.44,1.24,0.66,1.79,1.54,2.83,1.61,1.63,1.16,5.82,1.78,7.13,2.61,5.21,1.54
_______,vorobey,sparrow,Animal,concrete,7,m,1.2,4.67,2.43,4.21,1.97,2.12,1.73,1.57,1.45,3.07,2.27,6.72,0.84,2.89,2.59,4.78,1.9,3.15,1.22,4.67,1.83
______,vorona,crow,Animal,concrete,6,f,1.1,4.5,1.94,3.11,2.01,1.67,1.09,1.37,0.76,3,2.05,6.66,0.94,2.13,2.05,5.19,1.51,3.74,1.51,2.93,1.62
____________,vospominanie,memory,Intelligence,abstract,12,n,1.9,3.45,2.42,2.75,2.08,2.77,2.33,2.37,2,2.04,1.87,4.31,1.89,1.27,0.52,5.06,1.79,6.33,2.09,5.69,1.64
__________,vospriyatie,perception,Sense_Phys,abstract,10,n,1.6,3.61,2.4,3.43,2.15,2.63,2.22,3.11,2.65,2.62,2.3,2.59,1.57,2.07,1.41,5.09,1.53,8.57,2.94,4.77,2.05
_______,vpadina,hollow,Ground,concrete,7,f,0.7,4.93,2.2,1.61,1.45,1.42,1.33,1,0,3.04,2.24,5.46,1.71,2.38,2.15,1.44,1.19,7.19,2.51,2.2,1.13
________,vsplyitie,emersion (only about liquid environments),Action,abstract,8,n,0.2,2.28,1.53,2.93,2.05,1.59,1.35,1.24,0.64,2.34,1.93,4.15,1.88,3.24,2.31,3.03,1.71,7.96,3.12,2.36,1.39
_____,vyibor,choice,Action,abstract,5,m,2.1,2.57,1.87,1.77,1.63,1.76,1.72,2.46,2.25,2.07,1.81,2.81,1.7,3,1.71,4.27,1.92,6.23,2.9,5.64,1.54
_____,gazon,lawn,Ground,concrete,5,m,1.1,4.5,1.72,2.26,1.56,4.63,1.77,1.97,1.52,4.1,2.21,6.38,1.4,5,1.81,1.63,0.83,7.22,2.78,3.17,1.85
_____,gayka,female screw,Tool_precise_grip,concrete,5,f,0.8,4.66,2.43,2.14,1.86,2.07,1.44,1.77,1.51,4.04,2.4,6.36,1.16,6.29,1.24,2.62,1.33,6.1,2.31,2.73,2.12
____________,gallyutsinatsiya,hallucination,Intelligence,abstract,12,f,0.8,4.72,1.89,2.45,1.99,2.03,1.7,1.58,1.35,2.03,1.5,3.11,1.97,1.87,1.59,4.67,1.83,10.03,2.74,2.76,1.53
______,galosha,galosh,Clothes,concrete,6,f,0.8,4.03,2.56,2,1.39,2.1,1.63,1.52,0.98,4.23,2.07,6.38,1.12,4.8,2.04,2.3,1.4,5.24,2.06,1.88,1.82
_______,gardina,curtain,Object,concrete,7,f,0.3,4.27,2.32,1.53,1.36,1.48,0.95,1.46,1.32,3.76,1.96,5.63,1.78,5.81,1.57,4.51,1.56,6.76,2.06,3.36,1.77
______,gvozd,nail,Tool_precise_grip,concrete,6,m,1.4,4.94,2.22,2.86,2.03,1.77,1.3,2,1.54,4.77,2.2,6.72,0.7,6.24,1.38,2.97,1.45,4,1.86,3.77,2.05
________,gipoteza,hypothesis,Intelligence,abstract,8,f,1.3,1.86,1.48,2.41,1.84,1.31,1,1.3,0.77,1.52,0.91,1.97,1.09,2.2,1.61,4.94,1.94,11.37,2.66,4.45,1.45
____,glaz,eye,Body_Part,concrete,4,m,2.9,6.56,1.39,1.79,1.79,1.45,1.27,2,1.95,3.21,2.39,6.93,0.26,2.81,2.17,3.85,1.26,2.93,1.48,5.97,1.38
______,glazok,peephole,Object,concrete,6,m,1.4,5.66,1.82,2.07,1.98,1.41,1.24,1.45,0.83,3.04,1.97,5.8,1.67,3.03,2.31,3.38,1.5,5.83,3.17,3.37,1.73
____,gnev,anger,Sense_Emotion,abstract,4,m,1.5,2.77,1.96,4.25,2.1,1.38,0.8,1.36,1.25,2.33,2,3.88,1.79,2.59,2.11,3.44,2.03,6.46,3.05,4.07,2.1
______,golova,head,Body_Part,concrete,6,f,2.9,4.72,1.89,2.48,2.18,2.24,1.94,1.38,1.12,5.21,2.23,6.7,1.17,3.48,1.9,4.44,1.39,3,1.66,6.21,1.13
______,golub,pigeon,Animal,concrete,6,m,1.2,5.55,1.93,3.29,1.78,2.27,1.28,1.81,1.21,3.58,2.04,6.76,0.69,2.3,1.88,5.55,1.48,3.93,2.83,4.81,1.83
____,gora,mountain,Ground,concrete,4,f,2.1,4.48,2.26,1.62,1.4,2.64,2.26,1.73,1.53,3.07,1.81,6.66,0.9,2.14,2.07,5.12,1.88,4.03,1.5,3.28,1.73
________,gordost,pride,Sense_Emotion,abstract,8,f,1.6,3.39,1.96,1.93,1.46,1.3,1.12,1.41,0.84,1.62,1.24,3.96,1.4,2.07,1.78,5.03,1.62,8.07,2.98,4.96,1.48
____,gore,grief,Sense_Emotion,abstract,4,n,1.7,2.4,1.92,3.54,2.28,1.58,1.39,2,1.7,1.67,1.47,3.34,1.45,1.89,1.51,3.5,1.87,6.62,2.87,4.17,2.07
_______,gorilla,gorilla,Animal,concrete,7,f,0.4,4.21,2.29,4.76,2.25,2.86,1.9,1.69,1.39,2.83,2.35,6.52,1.22,2.34,1.88,3.91,1.78,5.15,2.25,2.14,1.11
_____,goroh,pea,Food,concrete,5,m,0.9,3.83,2.25,2,1.56,3.79,2.04,5.66,2.04,4.72,2.14,6.7,1.03,4.03,1.95,2.31,1.23,4.11,2.83,3.57,1.62
______,grabli,rake,Tool_power_grip,concrete,6,plur_tant,0.7,4.5,2.42,2.37,1.69,1.79,1.37,1.32,0.98,4.86,1.81,6.26,1.53,6.69,0.59,2.46,1.73,4.73,1.86,3.37,1.86
______,granat,pomegranate,Food,concrete,6,m,0.5,4.38,2.11,2.19,1.47,4.07,2.1,6.03,1.43,3.93,2.55,6.62,0.9,5.48,2.01,3.28,1.37,5.59,2.26,2.93,1.77
_________,greypfrut,grapefruit,Food,concrete,9,m,0.2,5.03,2.28,1.71,1.3,5.34,1.67,6.32,1.04,4.96,2.28,6.86,0.52,5.42,2,3.18,1.47,7.87,2.9,4.17,2
____,grib,mushroom,Food,concrete,4,m,1.6,5.32,1.94,1.25,1.14,4.13,1.74,5.04,2.16,4.08,1.98,6.76,0.95,4.73,2.16,2.24,1.46,3.67,1.83,3.96,2.07
____,grob,coffin,Object,concrete,4,m,1.7,4.58,2.62,1.96,1.77,1.97,1.85,1.33,0.73,3.27,2.01,6.45,1.45,5.17,2,1.55,1.2,6.97,2.71,3.08,2.35
_________,gromkost,loudness,Sound,concrete,9,f,0.5,1.9,1.7,6.38,1.4,1.41,1.15,1.18,0.53,2.17,1.93,3.79,1.42,3.45,1.86,5.42,1.56,5.07,1.62,5.45,1.5
_____,grusha,pear,Food,concrete,5,f,1.1,4.47,2.45,1.89,1.81,4.62,2,6.29,1.01,4.19,1.88,6.76,0.95,5.46,1.88,3.69,1.79,3.23,1.73,4.93,1.74
_____,gryaz,filth,Ground,concrete,5,f,1.7,4.93,2.26,2.07,1.8,3.03,2.08,2.22,2.04,4.31,2.42,5.78,1.58,3.84,2.16,1.22,0.63,3.83,1.64,5.61,1.55
_____,gudok,hooter,Sound,concrete,5,m,1.1,2.16,1.57,5.79,1.85,1.1,0.31,1.15,0.6,1.31,0.74,4.52,2.18,4.33,2.34,3.97,1.79,5.1,2.09,3.69,1.76
____,gus,goose,Animal,concrete,4,m,1.2,4.67,2.5,3.75,1.92,2.73,1.93,3.39,2.17,3.26,2.14,6.55,1.12,3.08,2.6,2.28,1.33,3.73,1.76,3.33,1.88
____,dal,distance,Space,concrete,4,f,1.3,4.76,2.08,2.1,1.86,1.28,1.13,1.79,1.54,1.21,1.02,4.07,1.93,1.33,1.12,4.3,1.93,6.6,3.09,4.03,1.54
__________,deltaplan,hang-glider,Transport,concrete,10,m,0,5.1,2.17,3.11,2.44,1.35,0.75,1.25,0.97,2.89,2.17,5.76,1.55,5.95,1.35,6.03,1.33,8.77,3.47,1.73,1.08
_________,depressiya,depression,Sense_Emotion,abstract,9,f,1.1,2.31,1.98,2.34,1.8,2.1,1.82,1.76,1.79,1.86,1.51,3.34,1.76,1.7,1.53,4.09,2.28,10.07,3.1,4.41,1.8
________,dinozavr,dinosaur,Animal,concrete,8,m,0.6,4.45,2.16,4.1,2.5,2.52,2.03,1.38,0.82,2.21,1.98,6.73,0.74,1.4,1.3,3.82,2.02,4.1,2.07,2.73,1.48
_________,dirizhabl,airship,Transport,concrete,9,m,0.5,4.74,2.38,1.93,1.44,1.33,0.96,1.26,0.71,2.35,1.85,5.97,1.59,4.27,2.12,5.67,1.63,8.7,3.35,2.12,1.86
___,dno,bottom,Ground,concrete,3,n,1.9,3.83,2.28,1.83,1.66,1.86,1.57,2.04,1.99,3.59,2.29,4.69,1.83,2.59,1.76,1.62,1.44,5.6,2.62,4,2.21
_________,dopuschenie,assumption,Intelligence,abstract,9,n,0.7,1.68,1.35,1.57,1.32,1.1,0.31,1.15,0.6,1.42,1.24,1.93,1.36,1.73,1.41,3.7,1.51,9.97,2.46,3.23,1.8
______,dosada,vexation,Sense_Emotion,abstract,6,f,1.2,2.42,1.77,2.11,1.78,1.33,0.96,1.93,1.62,1.96,1.56,3.14,1.48,1.23,0.82,3.48,1.5,8.07,2.75,3.52,1.69
_____,drel,drill,Tool_power_grip,concrete,5,f,0.4,4.3,2.29,5.79,2.08,2.27,1.48,1.36,1.19,5.26,1.85,6.59,0.73,6.78,0.63,2.81,1.23,6,1.92,3.27,1.96
______,drotik,dart,Tool_power_grip,concrete,6,m,0.3,4.63,2.25,2,1.44,1.6,1.57,1.37,1.07,4.59,2.13,6.62,0.86,6.35,1.45,3.63,1.34,7.11,2.49,2.48,1.81
______,druzhba,friendship,Sense_Emotion,abstract,6,f,1.8,2.62,1.97,2.45,1.82,1.86,1.46,1.88,1.54,2.59,1.86,4.38,1.7,2.57,1.85,4.97,1.76,5.17,2.72,5.83,1.34
_____,dyatel,woodpecker,Animal,concrete,5,m,0.6,4.13,2.08,3.89,1.99,1.8,1.77,1.67,1.15,2.9,2.35,6.52,1.09,2.03,1.94,4.65,1.7,4.15,1.73,2.17,1.17
__,ezh,hedgehog,Animal,concrete,2,m,0.9,5.06,2.24,3,2.02,2.31,2.04,1.91,1.66,4.93,2.28,6.79,0.57,2.32,1.97,1.88,1.37,3.43,1.79,2.93,1.91
_______,ezhevika,blackberry,Food,concrete,7,f,0.5,4.6,2.31,1.47,1.53,4.97,1.9,5.64,1.77,4.48,2.11,5.15,2.03,4.88,2.38,2.84,1.85,6.77,3.3,2.37,1.45
____,enot,raccoon,Animal,concrete,4,m,0.3,4.38,2.27,2.79,1.88,3.24,1.9,1.76,1.41,3.34,2.41,6.59,1.05,2.52,1.9,2.19,1,4.52,1.83,2.86,1.67
____,zhaba,toad,Animal,concrete,4,f,0.7,4.34,1.91,4.03,2.29,2.07,1.58,1.72,1.31,3.76,2.28,6.59,1.28,2.03,1.76,1.75,0.8,4.56,2.31,2.71,1.61
_______,zhelanie,wish,Sense_Emotion,abstract,7,n,2.2,2.58,1.89,2.11,1.64,2,1.89,1.81,1.69,2,1.39,3.31,1.67,2.03,1.79,4.97,1.47,5.17,2.13,5.69,1.49
_____,zhiraf,giraffe,Animal,concrete,5,m,0.6,5.17,1.98,2.43,1.71,2.31,1.67,1.32,1.16,3.11,2.31,6.66,0.77,2.76,2.51,5.19,1.77,3.27,1.73,2.77,1.68
___,zhuk,beetle,Animal,concrete,3,m,1.1,4.23,2.4,3.07,2.02,1.6,0.89,1.87,1.38,3.41,2.41,6.66,0.94,2.39,2.12,2.09,1.51,3.56,1.5,2.66,1.42
______,zabota,care,Sense_Emotion,abstract,6,f,1.8,3.84,2,2.54,1.93,1.57,1.33,1.74,1.29,2.69,2.02,4,1.7,5.2,1.97,4.94,1.46,5.27,2.74,5.38,1.27
_______,zavist,envy,Sense_Emotion,abstract,7,f,1.4,2.7,1.74,2.07,1.91,1.21,0.77,1.54,1.26,2.07,1.91,2.63,1.52,1.84,1.82,3.54,2.06,7.27,2.97,3.57,1.73
_____,zazhim,clip,Tool_precise_grip,concrete,5,m,0.7,4.06,2.35,1.86,1.15,1.41,1.02,1.41,1.33,3.64,2.54,5.11,1.85,5.68,1.76,2.35,1.15,8.43,3.28,2.87,1.76
_______,zakolka,hairpin,Clothes,concrete,7,f,0.4,4.4,2.08,2,1.39,1.43,1.04,1.53,1.04,4.48,2.35,6.31,1.51,6.13,1.36,4.69,1.35,4.78,2.24,3.79,2.18
_______,zamyisel,intention,Intelligence,abstract,7,m,1.6,1.94,1.24,1.71,1.18,1.1,0.4,1.22,0.7,1.58,1.36,3.03,1.92,2.27,2.13,5.15,1.46,8.27,2.63,4.08,1.94
_____,zapah,smell,Sense_Phys,abstract,5,m,2,1.48,0.87,1.57,1.38,5.59,2.38,3.48,2.29,1.46,1.44,2.63,1.87,2.37,1.97,3.7,1.74,3.87,2.27,5.97,1.43
_______,zaponka,cuff link,Clothes,concrete,7,f,0.4,3.93,2.32,1.73,1.55,1.24,0.58,1.82,1.72,3.9,2.23,5.3,1.66,6.23,1.36,2.92,1.53,8.33,3.13,2.43,1.4
________,zastezhka,clasp,Tool_precise_grip,concrete,8,f,0.6,4.3,2.1,2.53,1.91,1.21,0.68,1.57,1.2,4.72,2.25,5.33,1.71,6.53,0.8,3.08,1.71,5.2,2.06,4.61,1.69
_______,zaschelka,latch,Tool_precise_grip,concrete,7,f,0.4,3.83,2.32,3.66,2.02,1.41,0.78,1.07,0.26,4.72,2.27,5.04,2.3,5.24,1.88,2.81,1.35,5.41,2.32,2.5,1.4
______,zaschita,protection,Action,abstract,6,f,2.2,2.79,1.95,2.1,1.61,1.28,0.7,1.24,0.75,3.31,2.11,3.62,1.78,5.03,1.63,4.42,2.21,6.07,2.42,4.9,1.32
____,zayats,hare,Animal,concrete,4,m,1.4,4.66,2.22,2.59,1.59,2.17,1.61,3.52,2.38,3.52,2.43,6.89,0.42,3.31,2.12,2.41,1.41,2.93,1.73,3.18,1.31
______,zvezda,star,Space,concrete,6,f,2.1,5.38,2.01,1.86,1.72,1.17,0.76,1.27,1.28,2.21,2.15,6.57,0.79,1.55,1.57,6.79,0.77,3.63,1.79,5,1.74
____,zvon,jingle,Sound,concrete,4,m,1.4,1.73,1.53,6.4,1.28,1.41,1.35,1.75,1.76,1.31,0.81,3.88,1.8,3.75,2.23,5,1.93,5.07,2.68,4.64,1.93
____,zvuk,sound,Sound,concrete,4,m,2.1,1.6,1.1,6.48,1.34,1.43,0.9,1.4,1.16,1.72,1.28,4.21,2.04,2.16,1.55,5.47,1.81,4.07,2.02,5.9,1.35
_____,zebra,zebra,Animal,concrete,5,f,0.5,4.9,2.04,2.52,1.74,2.03,1.19,1.52,0.91,2.5,1.95,6.76,0.44,2.84,2.34,3.44,1.5,4.78,2.01,2.28,1.49
____,zmeya,snake,Animal,concrete,4,f,1.3,4.48,2.18,3.34,1.76,1.76,1.06,2.24,1.99,3.59,2.47,6.7,0.87,2.34,1.91,1.84,1.14,4.11,2.5,3.64,1.73
______,znanie,knowledge,Intelligence,abstract,6,n,2.2,2.7,1.82,2.78,2.17,1.43,1.25,1.63,1.38,1.76,1.21,3.79,1.88,2.39,1.96,5.09,2.04,6.41,2.48,5.97,1.55
________,znachenie,meaning,Intelligence,abstract,8,n,2.3,1.8,1.27,1.57,1.07,1.38,1.21,1.32,0.86,1.52,1.24,2.04,1.22,1.94,1.78,4.41,1.8,6.9,2.28,5.86,1.65
______,zrenie,vision,Sense_Phys,abstract,6,n,2.1,5.21,2.46,1.9,1.65,1.45,1.43,1.31,1.23,2.48,2.13,3.85,1.95,2.03,1.74,4.03,1.82,5.22,2.06,5.21,1.32
____,igla,needle,Tool_precise_grip,concrete,4,f,1.2,4.9,2.23,1.29,1.15,1.27,1.11,1.81,1.55,5.38,1.75,6.83,0.76,6.63,0.76,2.91,1.44,4.1,1.6,3.81,1.6
____,ideya,idea,Intelligence,abstract,4,f,2.4,1.6,1.16,2.39,1.59,1.23,0.82,1.25,0.7,1.63,1.39,3.14,2.01,2.24,1.77,4.91,2.19,6.27,2.97,6.23,0.97
____,izyum,raisin,Food,concrete,4,m,0.6,3.97,2.16,1.4,1.16,4.66,2.27,6.07,1.41,4.71,2.42,6.8,0.66,4.3,1.93,2.64,1.56,4.93,2.27,3.73,1.64
_____,indyuk,turkey cock,Animal,concrete,5,m,0.4,4.48,2.42,2.5,1.55,1.93,1.53,3.78,2.34,3.38,2.1,6.45,1.21,2.73,1.82,2.73,1.23,5.73,2.2,2.42,1.7
________,instinkt,instinct,Sense_Emotion,abstract,8,m,1.3,2.69,1.85,2.2,2.02,1.79,1.59,1.69,1.39,1.58,1.41,2.47,1.53,1.77,1.25,4.58,1.98,8.47,2.98,3.8,1.69
_______,interes,interest,Sense_Emotion,abstract,7,m,2.4,2.69,1.99,1.61,1.37,2.14,1.73,1.64,1.29,1.89,1.59,3.61,1.59,2.19,1.99,4.68,1.43,5.63,2.89,6.07,1.55
___________,istrebitel,fighter aircraft,Transport,concrete,11,m,1.3,4.7,1.9,4.73,2.26,1.69,1.44,1.21,0.79,2.72,1.79,5.74,1.77,5.84,1.61,6.32,1.29,7.43,2.42,2.56,1.8
_____,kaban,boar,Animal,concrete,5,m,0.8,4,2.15,3.23,2.16,3.9,2.26,3.1,2.09,3.17,2.24,6.67,0.88,2.37,1.87,2.33,1.11,4.67,1.92,3.07,1.53
_______,kabachok,squash,Food,concrete,7,m,0.7,3.77,2.28,1.64,0.99,3.38,1.72,5.36,1.83,3.96,2.17,6.69,0.93,4.62,2.16,1.69,0.93,5.08,2.35,3.5,1.61
______,kabluk,heel,Clothes,concrete,6,m,1.2,3.69,2.3,3.48,2.16,1.79,1.35,1.58,1.5,4.14,2.17,6.03,1.59,3.97,2.25,1.91,1.18,5.93,2.36,3.86,1.9
______,kalosha,golosh,Clothes,concrete,6,f,0.6,3.9,2.38,1.97,1.73,1.83,1.39,1.61,1.42,4.79,2.13,6.41,0.97,5,2.05,1.73,1.37,5.5,2.5,1.85,1.23
______,kamen,stone,Tool_power_grip,concrete,6,m,2.1,4.1,2.29,2.15,1.56,1.8,1.24,1.83,1.44,4.69,1.79,6.71,0.76,3.74,2.25,1.69,0.9,3.07,1.21,4.14,2.03
_____,kanoe,canoe,Transport,concrete,5,n,0.1,3.71,2.27,1.89,1.55,1.1,0.4,1.44,1.05,2.54,1.88,6,1.9,4.9,2.09,2.76,1.35,10.14,2.84,1.5,0.95
______,kapkan,trap,Object,concrete,6,m,0.7,3.48,2.4,2.48,2.01,1.72,1.69,1.55,1.35,4.31,2.21,5.9,1.76,5.23,1.81,2.09,1.28,7.7,2.87,1.76,1.02
_______,kapusta,cabbage,Food,concrete,7,f,1.4,4.75,2.41,2.57,2.06,4.34,1.61,5.82,1.22,4.29,2.39,6.79,0.42,5.37,1.63,1.76,1.13,3.77,1.91,4.62,2.06
________,karandash,pencil,Tool_precise_grip,concrete,8,m,1.7,5.34,2.03,2.29,1.51,2.21,1.15,2.86,2.05,5.04,2.2,6.79,0.79,6.61,0.92,2.62,1.3,3.33,1.21,5.93,1.31
______,kareta,carriage,Transport,concrete,6,f,1,3.93,2.12,3.59,2.13,1.66,1.26,1.17,0.54,3.03,2.41,6.81,0.48,5.03,1.82,2.88,1.41,4.63,2.91,2.11,1.52
_________,kartofel,potatoes,Food,concrete,9,m,1.1,4.33,2.47,1.7,1.74,4.97,2.08,5.64,1.57,4.79,2.27,6.78,0.51,5.41,1.86,1.97,1.74,4.07,1.78,6.25,1.32
________,kastryulya,pan,Tool_power_grip,concrete,8,f,1.2,4.7,2.35,2.71,1.74,3.58,1.98,3.39,1.99,4.37,1.78,6.69,1.17,6.22,1.27,2.81,1.18,3.69,2.04,6.3,1.32
_____,kater,boat,Transport,concrete,5,m,1.3,5.43,1.98,4.36,2.34,1.85,1.54,1.25,0.97,3.04,2.17,6.34,1.08,5.7,1.6,2.5,1.3,5.73,2.52,2.2,1.13
______,kashel,cough,Sound,concrete,6,m,1,2.14,1.66,5.21,1.54,2.1,1.92,2,1.65,2.24,1.7,4.12,1.83,2.1,1.84,3.03,1.71,4,1.86,4.86,1.53
_______,kenguru,kangaroo,Animal,concrete,7,m,0.5,4.8,2.35,2.47,1.74,2.03,1.43,2.29,2.19,3.38,1.9,6.26,1.06,2.28,1.69,3.11,1.45,5.67,2.17,1.93,1.33
_____,kepka,cap,Clothes,concrete,5,f,1.1,4.47,2.26,1.93,1.84,1.46,1.1,1.07,0.26,3.44,2.19,6.79,0.49,5.59,1.82,4.16,1.8,3.65,1.62,3.63,1.79
____,kivi,kiwi,Food,concrete,4,m,0.3,4.2,2.3,1.61,0.96,4.46,1.79,6.5,0.84,4.85,1.92,6.79,0.77,5.08,2.25,3.81,1.35,5.96,2.46,4.27,1.78
_____,kist,brush,Tool_precise_grip,concrete,5,f,1.4,4.61,2.25,2,1.63,2.57,1.74,2.04,1.85,5.38,1.75,6.55,1.27,6.27,1.53,3.24,1.09,4.67,2.01,4.58,1.68
_______,klavisha,key,Tool_precise_grip,concrete,7,f,1,3.93,2.24,3.52,1.93,1.5,1.11,1.47,1.17,5.28,1.83,6.45,1.18,6.48,0.93,2.69,1.28,7.52,1.97,5.24,1.94
______,klyukva,cranberry,Food,concrete,6,f,0.7,3.93,2.2,2.04,1.72,4.13,1.72,5.67,1.73,3.41,2.28,6.59,0.95,4.13,2.4,3.16,1.57,5.89,2.38,2.76,1.53
____,klyuch,key,Tool_precise_grip,concrete,4,m,1.9,4,2.2,2.41,1.5,1.67,1.37,1.97,1.9,4.69,2.12,6.72,1,6.32,1.51,3.13,1.45,4.26,1.95,6.03,1.5
______,knopka,button,Tool_precise_grip,concrete,6,f,1.5,4.07,2.28,2.8,2.09,1.38,1.05,1.52,1.06,5.5,1.93,6.6,0.81,6.2,1.37,2.58,1.54,4.27,2.88,5.33,1.54
____,koza,she-goat,Animal,concrete,4,f,1.2,4.38,2.13,3.69,2.02,3.24,2.18,2.41,1.66,3.59,2.21,6.81,0.62,3.83,2.28,2.66,1.41,3.52,1.89,3.43,1.79
_______,kozyirek,visor,Clothes,concrete,7,m,1,4.37,2.06,1.82,1.7,1.46,1.33,1,0,3.63,2.34,5.76,1.62,4.89,2.34,4.94,1.68,5.12,2.34,2.5,1.55
_____,kokos,coconut,Food,concrete,5,m,0.3,3.93,2.17,1.9,1.63,5.66,1.65,5.69,1.97,4.88,1.87,6.43,1.48,3.43,2.11,4.06,1.75,6.33,2.68,3.1,1.67
_______,kolodets,well,Ground,concrete,7,m,1.4,3.52,2.18,2.21,1.61,2.72,1.98,1.97,1.7,3.24,2.25,6.55,1.12,4.3,2.25,2.09,1.61,5.07,1.78,2.03,1.45
______,koltso,ring,Clothes,concrete,6,n,1.8,4.31,2.19,1.69,1.17,1.69,1.2,1.61,1.17,4.21,2.26,6.69,0.71,5.73,1.76,3.33,1.71,4.63,1.67,4.38,1.76
_______,kolyaska,baby carriage,Transport,concrete,7,f,1.3,4.33,2.55,2.83,2.07,1.97,1.55,1.39,0.96,4.41,2.01,5.78,1.72,5.84,1.82,2.62,1.71,3.6,1.87,3.04,1.73
____,kon,horse,Animal,concrete,4,m,1.7,4.53,2.16,3.7,1.41,3.47,2.03,2.3,1.9,4.03,2.13,6.28,1.67,4.68,1.9,3.44,1.5,3.63,2.45,3.52,1.62
_____,kope,spear,Tool_power_grip,concrete,5,n,1,4.7,2.28,1.75,1.4,1.38,1.3,1.21,1.13,4.56,2.03,6.48,0.95,6.38,1.34,3.38,1.58,5.73,1.95,2.13,1.59
_______,korabl,ship,Transport,concrete,7,m,2.1,5.37,2.09,3.57,2.17,2,1.57,1.29,1.15,3.15,2.32,6.62,0.68,5.92,1.69,3.13,1.64,4,1.79,3.47,1.81
______,korova,cow,Animal,concrete,6,f,1.7,5,2.18,5.32,1.76,3.97,1.84,3.27,2.19,3.96,2.49,6.71,0.81,3.84,1.98,3.03,1.47,2.97,1.35,3.73,1.96
_____,koshka,cat,Animal,concrete,5,f,1.7,5.83,1.7,4.36,2.04,3.81,1.9,1.86,1.72,5.93,1.49,6.83,0.93,4.54,2.59,2.5,1.3,2.58,1.47,5.9,1.67
_______,kreyser,cruiser,Transport,concrete,7,m,0.8,5.13,2.14,4.29,2.03,1.34,0.72,1.32,1.09,2.71,2.27,5.82,1.42,4.26,2.19,3.38,1.69,8.37,3.51,2.3,1.93
________,krokodil,crocodile,Animal,concrete,8,m,1.1,4.41,2.28,2.8,1.95,2.52,1.72,2,1.39,2.83,1.95,6.8,0.66,1.77,1.41,1.88,1.02,3.53,1.7,3.1,1.49
______,kruzhka,mug,Tool_precise_grip,concrete,6,f,1.4,5.39,1.94,2.39,1.75,2.33,1.3,2.44,1.91,5,2.02,6.93,0.37,5.93,1.82,3.18,1.31,2.93,1.48,6.5,0.91
_________,kryizhovnik,gooseberry,Food,concrete,9,m,0.4,4.03,2.1,1.5,1.22,5.31,2.05,5.83,1.69,4.5,2.32,6.43,1.04,3.43,2.24,2.3,1.24,5.07,2.1,2.7,1.51
_____,kryisa,rat,Animal,concrete,5,f,1.3,4.9,2.4,2.89,1.97,2.58,1.6,1.5,1.11,3.48,2.19,6.69,0.76,3.08,2.7,1.47,0.92,4.19,1.9,3.33,1.6
______,kryishka,cover,Tool_power_grip,concrete,6,f,1.5,3.28,1.94,2.8,2.09,1.79,1.45,1.9,1.37,4.96,2.26,6.47,1.07,5.47,1.93,3.24,1.6,3.73,2.08,5.1,1.63
______,kryuchok,hook,Tool_precise_grip,concrete,6,m,1.3,3.77,1.98,1.67,1.11,1.33,0.84,1.37,1.16,3.79,2.32,6.41,0.95,5.81,1.87,3.72,1.57,5.41,2.08,2.93,1.87
________,kukuruza,corn,Food,concrete,8,f,0.9,3.97,2.18,1.38,1.08,4.66,1.91,6.12,1.49,4.03,2.4,6.79,0.56,4.73,2.15,2.94,1.52,5.2,2.31,2.97,1.59
_______,kukushka,cuckoo,Animal,concrete,7,f,0.7,4.07,2.27,4.61,2.38,1.69,1.05,1.29,1.01,2.37,1.86,6,1.65,2.73,2.5,4.84,1.92,4.42,2.32,3.2,1.61
______,kuraga,dried apricots,Food,concrete,6,f,0.3,4.38,2.21,1.1,0.31,4.62,1.74,5.88,1.88,3.69,2.3,6.79,0.56,4.47,2.29,2.73,1.53,6.07,1.95,2.66,1.52
______,kuritsa,hen,Animal,concrete,6,f,1.5,4.6,2.09,3.11,1.6,4.7,2.05,4.93,2.3,3.55,2.41,6.62,0.98,3.32,2.48,2.38,1.21,3.93,1.64,4.96,1.79
________,lampochka,bulb,Tool_power_grip,concrete,8,f,1.4,4.93,1.71,1.9,1.5,1.93,1.62,1.62,1.32,4.83,2.19,6.96,0.19,5.31,1.58,4.81,1.6,4,2.43,5.25,1.29
______,lastik,eraser,Tool_precise_grip,concrete,6,m,0.3,4.27,2.53,2.57,1.77,2.35,1.77,1.96,1.45,4.74,1.72,6.48,0.99,6.68,1,2.84,1.53,5.38,1.5,3.9,1.99
___,lev,lion,Animal,concrete,3,m,1.8,4.38,2.03,4.63,1.97,3.17,2.16,1.72,1.19,3.25,1.96,6.8,0.66,1.77,1.41,2.97,1.78,3.63,1.71,4.43,1.36
_______,ledokol,ice-breaker,Transport,concrete,7,m,0.6,3.52,2.2,3.6,2.11,1.66,1.34,1.55,1.12,2.58,1.79,5.97,1.25,4.6,2.54,2.73,1.68,7.34,2.76,2.63,1.38
_____,lemur,lemur,Animal,concrete,5,m,0,5.17,2.1,3,1.91,2.31,1.54,1.21,0.5,2.63,2.06,5.9,1.57,2.73,2.34,4.44,1.78,7.15,3.13,2.17,1.6
_______,leopard,leopard,Animal,concrete,7,m,0.5,4.8,2.04,3.37,1.8,1.9,1.67,1.6,1.25,3.03,2.08,6.34,1.08,1.94,1.53,2.84,1.3,5.7,2.35,2.55,1.76
_____,limon,lemon,Food,concrete,5,m,1.1,4.57,2.45,1.46,1.26,5.65,1.55,6.43,1.14,3.81,1.94,6.9,0.31,5.08,2.15,3.59,1.46,3.58,1.7,5.67,1.71
_______,lineyka,ruler,Tool_precise_grip,concrete,7,f,1,4.1,2.18,1.86,1.38,1.34,0.67,1.58,1.12,4.41,1.8,6.62,0.94,6.2,1.1,2.64,1.48,4.83,1.23,4.21,1.86
____,lisa,fox,Animal,concrete,4,f,1,4.53,2.16,2.37,1.76,1.93,1.28,1.73,1.2,3.28,2.28,6.66,0.86,2.65,2.12,2.56,1.34,3.85,1.68,2.66,1.52
____,lift,elevator,Transport,concrete,4,m,1.5,3.79,2.34,3.57,1.85,2.03,1.68,1.69,1.54,3.42,2.3,6.53,0.94,5.57,2.1,4.45,1.5,5.1,2.7,5.83,1.44
____,litso,face,Body_Part,concrete,4,n,2.9,5.37,1.97,1.82,1.47,2.23,1.63,1.71,1.3,5.22,1.45,6.46,1.17,4.22,2.41,4.13,1.54,2.96,1.71,6.4,1.28
___,lob,forehead,Body_Part,concrete,3,m,1.9,4.07,2.48,1.79,1.93,1.35,1.02,1.57,1.32,4.37,2.08,6.72,0.75,4.03,2.51,4.34,1.81,3.27,1.69,5.63,1.43
_____,lodka,boat,Transport,concrete,5,f,1.8,4.27,2.3,2.85,1.83,2.2,1.58,1.4,1.19,3.55,2.38,6.38,1.5,5.74,1.59,2.28,0.89,4.59,2.31,2.9,1.65
_____,lozhka,spoon,Tool_precise_grip,concrete,5,f,1.6,4.28,2.3,3,2.13,1.76,1.38,3.72,2.25,5.63,1.95,6.8,0.55,6.8,0.48,2.3,1.21,2.8,1.52,6.47,0.9
_________,lokomotiv,locomotive,Transport,concrete,9,m,1.2,4.26,2.32,4.71,2.14,2.13,1.74,1.37,1.04,2.54,1.86,5.72,1.69,4.4,2.16,3.33,1.67,8.4,3.06,2.38,1.94
______,lopata,shovel,Tool_power_grip,concrete,6,f,1.3,3.83,2.16,2.03,1.64,1.76,1.21,1.67,1.53,4.86,2,6.48,1.43,6.5,0.86,2.58,1.37,4.73,1.66,2.97,1.66
____,los,elk,Animal,concrete,4,m,0.9,4.67,2.09,3.1,1.77,2.79,1.88,3.5,2.66,3.21,2.02,6.11,1.48,2.53,1.95,3.14,1.75,5.03,2.36,2.89,1.47
______,loshad,mare,Animal,concrete,6,f,1.9,4.38,2.27,4.3,1.6,4.62,2.18,2.62,2.16,4.5,2.25,6.77,0.82,3.57,1.92,2.67,1.24,4,2.9,4.4,1.4
___,luk,bow/onion (homonyms),Food,concrete,3,m,1.4,4.21,2.35,1.38,1.05,5.48,1.72,6.03,1.72,4.03,2.08,6.52,0.95,4.67,2.38,2.39,1.69,4.13,1.33,4.34,1.4
____,luna,moon,Space,concrete,4,f,1.7,6,1.68,1.5,1.48,1.59,1.38,1.41,1.14,1.79,1.77,6.79,0.5,1.58,1.65,6.56,1.13,3.33,1.4,5.07,1.55
____,lyizhi,skis,Transport,concrete,4,plur_tant,0,4.43,2.16,3.18,2.39,2.23,1.61,1.07,0.38,3.67,2.11,6.69,1.07,5.46,2.02,2.06,1.52,5,2.33,4.5,1.63
______,lyubov,love,Sense_Emotion,abstract,6,f,2.5,4.1,2.18,2.97,2.16,2.41,2.1,2.93,2.19,2.79,2.25,2.97,1.83,3.03,2.39,4.64,2.33,7.24,4.27,5.28,1.89
___,lyuk,hatch,Ground,concrete,3,m,1.2,4.57,2.19,1.96,1.58,1.7,1.37,1.37,1.3,3,2.19,6.14,1.51,5.45,1.93,1.94,1.59,6.37,2.84,2.59,1.62
______,lyustra,chandelier,Object,concrete,6,f,1,4.66,2.07,1.7,1.39,1.62,1.35,1.59,1.48,3.83,2.24,6.57,0.82,4.67,2.02,4.03,1.55,5.1,2.67,4.4,1.87
_______,lyagushka,frog,Animal,concrete,7,f,1.1,5.16,2.2,4.25,2.07,2.21,1.8,2.59,1.99,3.93,2.49,6.86,0.45,2.39,2.17,1.94,1.13,3.6,1.71,3.43,2.03
_______,makushka,crown (of the head),Body_Part,concrete,7,f,1,3.1,2.41,1.28,0.84,2.17,1.79,1.24,0.91,4.62,2.34,5.44,1.85,3,1.87,4.59,1.52,5.41,2.87,3.11,1.75
______,malina,red raspberry,Food,concrete,6,f,0.9,4.66,1.78,1.45,1.18,5.55,1.48,6.59,0.98,4.86,1.92,7,0,5.34,1.8,3.19,1.65,3.52,2.23,4.11,1.81
______,mamont,mammoth,Animal,concrete,6,m,0.9,4.3,2.31,4.07,2.38,2.03,1.45,2.21,1.89,2.45,1.84,5.85,1.61,2.41,2.17,4,2.05,6.07,2.7,1.96,1.45
_____,mango,mango,Food,concrete,5,n,0.3,4.65,2.04,1.21,0.69,4.37,1.9,5.26,2.16,4.19,2.02,6.28,1.39,4.83,2.25,3.61,1.32,10.13,3.21,2.12,1.51
________,mandarin,mandarin,Food,concrete,8,m,0.6,5.74,1.37,1.61,1.5,6.07,1.48,6.11,1.22,5.12,1.84,6.86,0.74,5.43,1.79,3.94,1.25,3.57,1.61,4.65,2
______,manera,manner,Sense_Emotion,abstract,6,f,1.6,3.37,2.2,2.33,1.75,1.2,0.61,1.37,1.19,1.14,0.44,3.79,1.82,3.13,2.22,4.06,1.54,8.23,3.06,4.48,1.98
______,marker,marker,Tool_precise_grip,concrete,6,m,0.7,4.69,2.21,2.2,1.71,2.97,2.04,2.48,1.94,4.71,2.07,6.73,0.98,6.4,1.19,2.18,1.36,6.27,2.83,4.17,1.78
________,martyishka,marmoset,Animal,concrete,8,f,0.6,4.7,2.28,4.53,1.96,3.07,1.91,2,1.81,3.48,1.9,5.96,1.51,2.72,2.04,3.73,1.66,4.73,2.16,2.43,1.55
______,mashina,car,Transport,concrete,6,f,2.7,4.93,2.35,5.43,1.93,3.62,1.96,1.5,1.37,4.59,2.26,6.72,0.65,6.59,1.01,2.81,1.49,3.12,1.63,6.2,1.24
_______,medved,bear,Animal,concrete,7,m,1.5,4.79,2.11,4.83,1.77,2.62,1.63,2.21,1.86,3.38,2.41,6.93,0.27,2.17,1.73,3.38,1.62,3.04,1.43,3.93,1.56
___,mel,chalk,Tool_precise_grip,concrete,3,m,1,4.35,2.43,2.57,1.75,3,1.74,3.52,1.95,5.5,1.66,6.72,0.65,6.1,1.49,3.09,1.51,5,1.31,4.77,2.08
________,meteorit,meteorite,Space,concrete,8,m,0.6,5.07,2.16,3.77,2.51,1.66,1.49,1.64,1.62,2.93,2.19,5.7,1.54,2.16,2.16,6.47,1.16,7.63,2.76,2.25,1.71
_____,metla,broom,Tool_power_grip,concrete,5,f,0.9,3.93,2.22,2.41,1.5,1.93,1.46,1.58,1.3,4.14,2.39,6.59,1.18,6,1.76,2.33,1.27,5.1,1.54,2.79,1.57
_____,metro,subway,Building,concrete,5,n,1.7,3.86,2.42,4.9,2.01,2.9,1.9,1.69,1.63,2.66,2.24,5.85,1.7,4.17,2.38,1.1,0.3,7.89,2.71,2.96,1.82
______,mogila,grave,Ground,concrete,6,f,1.7,3.41,2.08,1.9,2.06,3.59,2.43,1.59,1.12,2.75,2.15,6.77,0.63,4.6,2.18,1.79,1.73,6.53,2.34,2.73,1.6
______,molniya,lightning,Space,concrete,6,f,1.4,5.33,1.92,5,2.09,2.12,1.28,1.18,0.94,2.04,2.03,6.69,0.66,2.73,2.65,6.16,1.72,4.35,2.26,3.33,1.6
_______,molotok,hammer,Tool_power_grip,concrete,7,m,1.1,3.83,2.36,5,2.03,1.66,1.37,1.54,1.14,4.52,2.11,6.74,0.71,6.78,0.55,2.62,1.53,3.93,1.74,4.64,1.73
________,molchanie,silence,Sound,concrete,8,n,1.7,1.9,1.83,5.3,2.49,1.43,0.86,1.73,1.44,1.38,1.18,4.5,1.71,1.45,1.29,3.75,1.61,4.37,2.11,5.41,1.74
_____,moped,moped,Transport,concrete,5,m,0.3,4.77,2.14,5.43,1.55,3,1.67,1.43,1.29,4.33,2.29,6.86,0.44,6.24,1.21,2.56,1.24,7.19,3.38,2.73,1.62
_______,morkov,carrot,Food,concrete,7,f,1,5.31,2.09,2.36,1.85,3.93,1.58,6.05,1.25,4.57,2.18,7,0,5.26,1.91,1.97,1.31,3.53,1.57,4.73,1.7
________,mototsikl,motorcycle,Transport,concrete,8,m,1.3,4.7,2.32,4.89,1.85,3.87,1.98,1.63,1.33,4.55,2.11,6.59,0.91,6.29,1.07,2.88,1.48,5.23,2.34,3.38,2.08
_______,motyilek,moth,Animal,concrete,7,m,0.6,5.03,2.16,2.36,1.64,1.55,1.33,1.36,0.79,3.11,2.35,6.46,1.04,2.61,2.32,3.85,1.88,5.47,1.93,2.93,1.96
_______,muhomor,amanita,Food,concrete,7,m,0.5,4.76,1.99,1.17,0.6,3.52,2.05,3.52,2.27,3.55,2.23,6.9,0.31,2.9,1.99,2,1.58,5.37,2.19,2.03,1.21
_____,myisl,thought,Intelligence,abstract,5,f,2.5,3.24,2.25,2.83,1.49,1.79,1.47,1.36,0.82,1.72,1.41,3.07,1.81,1.8,1.42,5.73,1.86,6.57,2.3,6.21,1.05
________,myishlenie,thinking,Intelligence,abstract,8,n,1.6,2.26,1.91,1.43,1.07,1.66,1.37,1.36,0.79,1.86,1.76,3.81,1.69,1.94,1.69,4.5,1.42,8.43,3.28,5.13,1.61
____,myish,mouse,Animal,concrete,4,f,1.6,4.03,2.13,3.18,1.87,2.45,1.59,1.86,1.43,3.36,2.26,6.81,0.56,2.9,2.24,1.72,1.35,3.67,2.99,3.75,1.86
________,myagkost,softness,Sense_Phys,abstract,8,f,0.8,2.53,1.85,1.71,1.51,1.48,0.99,2.59,1.62,4.71,2.62,4.14,1.56,2.9,1.92,3.44,1.56,5.27,2.89,4.37,1.67
____,myata,mint,Food,concrete,4,f,0.5,4.2,2.51,1.67,1.56,6.41,1.27,5.79,1.89,3.62,2.16,5.37,1.9,3.91,2.36,2.14,1.57,6.43,2.31,3.96,2.03
___,myach,ball,Tool_power_grip,concrete,3,m,1.4,4.66,2.32,3.9,2.06,1.97,1.64,1.72,1.25,5.83,1.52,6.93,0.25,5.23,1.92,2.85,2.09,3.07,1.41,4.97,1.59
_____,nabor,recruitment,Action,abstract,5,m,1.7,3.38,2.01,1.77,1.41,1.24,0.69,1.86,1.55,2.13,1.83,2.93,1.8,4.9,2.11,2.7,1.45,4.97,2.5,5.4,1.54
_____,naves,awning,Building,concrete,5,m,0.9,4.13,2.27,1.68,1.31,1.69,1.26,1.11,0.42,2.81,2.14,5,2.05,4.57,2.15,4.75,1.76,7.36,3.08,2.7,1.49
_____,navyik,skill,Action,abstract,5,m,1.3,2.31,2.09,1.62,1.27,1.24,0.69,1.28,1,2.34,1.86,2.56,1.48,3.45,2.41,4.03,1.94,9.3,3.05,4.75,1.6
_________,naperstok,thimble,Tool_precise_grip,concrete,9,m,0.4,5,2.18,1.54,1.29,1.35,0.75,1.11,0.42,5.19,1.86,6.14,1.68,6.43,1.14,2.91,1.33,8,3.12,2.13,1.33
_________,napilnik,file,Tool_power_grip,concrete,9,m,0.4,3.83,2.32,3.33,1.86,2,1.2,1.23,0.77,3.69,2.33,6.07,1.69,6.42,1.48,2.88,1.45,9.3,2.96,2.03,1.35
________,naushniki,headphones,Clothes,concrete,8,plur_tant,0,4,2.27,6.38,1.15,1.66,1.2,1.61,1.37,4.9,1.99,6.76,0.58,5.4,1.81,3.64,1.92,8.33,2.51,5.72,1.91
____,nebo,sky,Space,concrete,4,n,2.3,6.03,1.72,1.61,1.4,1.57,1.3,1.41,1.08,1.62,1.42,6.79,0.49,1.03,0.18,6.82,0.58,3.17,2.23,6.08,1.41
________,nebosvod,firmament,Space,concrete,8,m,0.5,5,2.36,1.53,1.38,1.48,1.45,1.57,1.48,1.38,0.86,4.93,2.04,1.72,1.71,6.35,1.34,7.9,2.9,2.44,1.67
_________,nebosklon,sky,Space,concrete,9,m,0.5,4.67,2.28,1.64,1.28,1.58,1.42,1.25,0.97,1.89,2.08,5.38,2.08,2.53,2.43,6.53,1.16,7,3.02,2.47,1.41
_________,neboskreb,skyscraper,Building,concrete,9,m,0.9,4.83,2.09,2.33,2.17,1.59,1.24,1.48,1.12,2.71,2.01,6.6,1.07,4.45,2.59,5.91,1.47,7.27,3,4,1.8
_____,nitka,thread,Tool_precise_grip,concrete,5,f,1.3,3.93,2.27,1.38,1.01,1.71,1.41,1.64,1.29,4.55,2.08,6.9,0.41,5.17,1.91,2.48,1.72,4.63,1.77,3.34,1.32
___,nozh,knife,Tool_precise_grip,concrete,3,m,1.8,4.27,2.16,2.56,2.01,1.9,1.54,2.33,1.81,4.83,1.93,6.59,1.02,6.65,0.91,3.09,1.35,3.67,1.36,6.1,1.14
_______,nozhnitsyi,scissors,Tool_precise_grip,concrete,7,plur_tant,1,3.97,2.03,2.3,1.54,1.77,1.5,1.53,1.01,4.45,2.26,6.45,1.15,6.35,1.31,2.75,1.11,4.26,2.18,4.86,1.75
_____,nosok,sock,Clothes,concrete,5,m,1.4,4.14,2.07,1.28,1.16,3.97,2.16,1.24,0.69,4.69,2.11,6.81,0.96,5.86,1.66,1.81,1.26,2.96,1.72,6.07,1.36
_______,nosorog,rhino,Animal,concrete,7,m,0.5,4.14,2.23,3.17,2.09,3.1,2.32,1.59,1.38,3.17,2.41,6.6,1.28,1.93,1.55,2.88,1.39,4.63,2.82,2.03,1.19
__________,nostalgiya,nostalgia,Sense_Emotion,abstract,10,f,0.9,3.45,2.11,1.59,1.3,2.59,2.32,1.82,1.72,2.34,1.7,3.72,2.07,1.9,1.6,4.64,1.92,10.2,3.16,4.31,2.21
________,obezyana,monkey,Animal,concrete,8,f,1.3,4.55,2.15,4.72,1.94,3.24,2.03,1.59,1.12,3.45,2.26,6.59,1.01,2.45,1.76,4.03,1.73,3.7,2.03,3.5,1.69
_____,obida,offense,Sense_Emotion,abstract,5,f,1.6,2.07,1.44,2.63,1.98,1.5,1.07,1.97,1.85,1.45,1.09,4.5,1.77,2.32,1.9,3.47,1.78,4.96,2.55,5.48,1.77
______,oblako,cloud,Space,concrete,6,n,1.6,5.61,1.69,1.36,1.22,1.5,1.14,1.78,1.05,2.27,2.25,6.83,0.47,1.13,0.43,6.61,1,3.17,1.7,5.27,1.56
________,obonyanie,sense of smell,Sense_Phys,abstract,8,n,0.5,2.29,2.05,1.43,1.29,5.27,2.53,2.7,2.27,2.08,1.85,3.18,1.89,1.33,1.03,4.39,1.64,7.17,2.25,3.12,1.42
_____,obraz,image,Intelligence,abstract,5,m,2.7,5.17,2.17,2.28,1.77,2.14,1.75,1.39,0.93,2.34,2,2.86,1.96,2.37,1.73,4.91,2.18,7.77,2.62,4.72,1.89
____,ovtsa,sheep,Animal,concrete,4,f,1.3,4.47,2.29,4.17,2.05,2.83,1.63,2.89,2.3,3.59,1.96,6.15,1.26,3.41,2.28,2.51,1.43,4.43,2.13,3.75,1.97
________,ogovorka,slip of the tongue,Action,abstract,8,f,1.1,1.63,1.38,4.86,2.19,1.31,1.05,1.18,0.61,1.22,0.7,3.52,1.92,1.97,1.85,3.31,1.75,7.96,3.59,3.93,1.76
______,ogurets,cucumber,Food,concrete,6,m,1.3,4.24,2.34,1.31,0.85,4.62,1.97,6.39,1.22,4.45,2.11,6.72,1,5.1,2.02,2.45,1.52,3.6,1.59,4.07,1.69
________,ozherele,necklace,Clothes,concrete,8,n,0.6,4.69,2.25,1.66,1.34,1.14,0.35,1.31,0.85,5.03,2.06,6.56,1.22,4.97,1.95,3.34,1.49,6,2.57,2.96,1.85
____,ozhog,burn,Body_Part,concrete,4,m,0.9,4.53,2.38,2.57,1.77,2.03,1.72,1.55,1.14,5.11,2.54,5.61,1.34,3.77,2.12,3.12,1.37,4.63,2.13,3.2,1.94
_____,oznob,fever,Sense_Phys,abstract,5,m,0.9,2.53,1.57,2.04,1.5,1.83,1.75,1.5,0.91,3.21,2.35,3.75,1.35,2.06,1.48,3.35,1.61,8.87,2.6,2.73,1.53
____,orel,eagle,Animal,concrete,4,m,1.3,5.77,1.92,3.57,2.23,2.15,1.78,1.43,1.03,2.11,1.74,6.68,0.77,2.97,2.75,6.06,1.34,4.5,2.23,3.1,1.45
____,oreh,nut,Food,concrete,4,m,1.2,4.75,2.37,2.25,1.76,3.9,1.76,6.32,0.99,4.43,2.46,6.43,1.03,4.77,2.09,3.68,1.77,4.73,2.18,3.77,1.57
____,osel,donkey,Animal,concrete,4,m,0.9,3.76,2.01,3.9,1.86,3.1,2.01,1.69,1.28,3.72,2.31,6.7,0.78,3.03,2.1,2.5,1.14,4,2.56,2.96,1.88
________,osminog,octopus,Animal,concrete,8,m,0.4,4.97,2.26,2.11,1.75,2.31,1.75,2.95,1.94,3.14,2.3,6.75,0.52,2.65,2.2,1.85,1.73,5.1,2.02,2.13,1.59
________,osyazanie,touch,Sense_Phys,abstract,8,n,0.3,1.45,0.78,1.5,1.31,1.34,0.81,1.83,1.42,4.13,2.91,2.69,1.79,4.97,2.39,4.12,1.73,6.83,2.77,3.37,1.92
_____,otbor,selection,Action,abstract,5,m,1.4,1.97,1.63,1.53,1.31,1.24,0.69,1.32,0.94,1.97,1.57,2.44,1.55,3.66,2.16,3.57,2.05,7.57,2.91,3.85,1.96
________,otvertka,screwdriver,Tool_power_grip,concrete,8,f,0.5,4.66,2.51,2.18,1.93,1.79,1.59,1.18,0.66,4.75,2.5,6.82,0.39,6.48,1.06,2.47,1.28,5.33,2.35,3.73,2
__________,otvraschenie,disgust,Sense_Emotion,abstract,10,n,1.3,2.97,2.13,1.97,1.52,2.41,2.03,2.52,2.37,2.31,2.02,3.08,1.57,,,3.09,2.18,7.48,3.6,4.48,1.6
_________,otgovorka,excuse,Action,abstract,9,f,0.5,2.3,1.97,3.67,2.26,1.21,0.62,1.32,1.19,1.59,1.48,2.88,1.84,1.53,1.41,3.41,1.89,6.8,2.27,4.86,1.98
______,otzvuk,echo,Sound,concrete,6,m,0.6,1.38,0.87,5.39,1.71,1.34,1.11,1.23,0.69,1.32,1.25,3.25,1.35,2,1.65,3.35,1.67,8.85,3.22,2.43,1.83
________,otchayanie,despair,Sense_Emotion,abstract,8,n,1.6,2.27,1.78,2.23,1.87,1.62,1.29,1.86,1.9,1.72,1.69,3.04,1.49,1.78,1.41,3.24,1.89,7.96,2.33,3.93,1.68
____,ochki,spectacles,Clothes,concrete,4,plur_tant,1.8,5.9,1.52,1.52,1.45,1.66,1.42,1.62,1.45,5.1,1.99,6.67,0.92,5.21,2.14,3.66,1.58,4.04,2.5,5.36,1.45
________,oschuschenie,sensation,Sense_Phys,abstract,8,n,2,2.63,2.16,3.3,2.33,2.77,1.99,2.1,1.47,4.17,2.51,3.75,1.92,3.23,2.3,5.06,1.48,6.33,2.87,5.34,1.78
______,pamyat,memory,Intelligence,abstract,6,f,2.2,3.41,2.18,3.14,1.98,2.07,1.91,1.33,1.24,2.1,1.61,3.45,1.92,2.37,1.85,5.48,1.68,6.9,2.55,5.45,1.45
________,paraplan,paraglider,Transport,concrete,8,m,0,4.94,2.19,2.71,1.96,1.37,0.76,1.44,1.01,3.04,1.91,5.86,1.68,5.53,1.76,6,1.09,9.28,2.84,2.04,1.31
_______,parashyut,parachute,Transport,concrete,7,m,1,4.52,2.05,2.72,2,1.45,1.06,1.52,1.57,3.45,2.25,6.74,1.16,5.24,1.88,6.09,1.61,6.7,2.83,3.14,1.6
_____,parik,wig,Clothes,concrete,5,m,0.9,3.93,2.39,1.34,0.77,2.1,1.76,1.52,1.28,3.79,2.43,6.48,1.12,5.27,1.7,3.67,2.03,6.8,2.34,1.79,1.15
______,parket,parquet,Ground,concrete,6,m,1,4.63,2.28,2.32,1.68,2.23,1.73,1.25,0.59,4.26,2.01,6.55,1.02,4.81,2.31,1.56,1.13,8.46,3.54,2.83,1.66
_______,parovoz,steam locomotive,Transport,concrete,7,m,1.1,5.29,2.07,5.29,1.65,2.8,1.73,1.56,1.22,2.85,1.95,6.41,1.15,5.13,2.01,3.24,1.39,4.43,1.99,3.12,1.82
_____,parom,ferryboat,Transport,concrete,5,m,0.7,3.59,1.97,4.17,2.18,2.07,1.87,1.66,1.2,3.21,2.25,6.1,1.4,4.2,2.41,2.7,1.55,7.87,2.87,2.43,1.22
_______,parohod,steamship,Transport,concrete,7,m,1.4,5.32,1.89,4.54,1.93,2,1.64,1.37,0.79,2.69,1.89,6.55,0.91,5.07,1.82,3.21,1.27,5.83,2.59,2.5,1.53
_____,parus,sail,Transport,concrete,5,m,1.2,5.19,2.01,2.39,1.42,1.4,1.04,1.26,0.81,3.42,1.94,6.72,0.65,5.1,1.83,4.61,1.25,5.1,2.02,2.42,1.21
________,parusnik,sailing ship,Transport,concrete,8,m,0.6,4.28,2.39,2.47,1.63,1.9,1.78,1.38,0.86,3.17,2.41,6.6,0.81,4.77,2.19,3.76,1.66,6.77,3.26,3.1,1.52
____,pauk,spider,Animal,concrete,4,m,1,5.28,2.07,1.75,1.46,1.52,1.4,1.32,0.65,3.57,2.39,6.57,0.84,2.71,2.18,2.35,1.5,3.47,1.61,4.07,2.08
______,pedal,pedal,Tool_power_grip,concrete,6,f,1,3.5,2.3,2.67,2.02,1.5,1.11,1,0,4.41,1.97,6.45,1.06,2.61,2.25,1.94,1.08,5.78,2.01,3.21,1.7
___________,perezhivanie,experience,Sense_Emotion,abstract,11,n,1.5,2.33,1.77,2.67,1.84,1.57,1.35,1.79,1.77,1.93,1.87,2.96,1.48,1.91,1.57,4.14,1.83,6.93,3.06,5.57,1.35
_____,perets,pepper,Food,concrete,5,m,1.2,4.77,2.2,1.54,1.37,4.9,1.9,5.78,1.8,4.23,2.21,6.83,0.6,4.37,2.08,3.03,1.36,4.47,2.21,4.65,1.83
______,persik,peach,Food,concrete,6,m,0.8,4.48,2.11,1.55,1.5,5.52,1.81,6.31,1.42,5.07,2.02,6.96,0.19,5.34,1.91,3.97,1.86,4.07,2.11,4.18,1.54
________,petrushka,parsley,Food,concrete,8,f,0.9,3.9,2.08,1.67,1.52,5.45,1.9,5.17,2.05,4.58,1.98,6.43,1.25,3.53,2.3,2.12,1.45,5.2,2.7,3.9,1.73
_____,petuh,cock,Animal,concrete,5,m,1.2,4.4,2.39,5.33,2.04,2.72,1.77,3.14,2.24,3.62,2.04,6.33,1.11,3.47,2.33,2.22,1.38,3.47,1.85,3.07,1.88
______,pechal,sorrow,Sense_Emotion,abstract,6,f,1.3,2.84,2.26,2.11,1.83,1.45,0.99,2.55,2.04,1.61,1.62,4.43,1.57,2.06,1.63,4.09,1.71,6.17,3.18,4.97,1.71
____,pila,saw,Tool_power_grip,concrete,4,f,1,4.14,2.29,5.38,1.54,2,1.46,1.24,0.58,5.14,1.96,6.89,0.42,6.24,1.27,2.25,1.19,4.81,2.56,3.5,1.69
______,pintset,tweezers,Tool_precise_grip,concrete,6,m,0.4,4.28,2.14,1.67,1.47,1.52,1.3,2,1.66,4.92,2.17,6.5,1.14,6.67,0.61,2.24,1.23,7.77,3.13,3.7,1.91
____,pisk,squeak,Sound,concrete,4,m,0.7,1.71,1.27,5.32,2.14,1.1,0.4,1.11,0.42,1.58,1.1,3.54,1.99,1.67,1.4,4.12,1.88,4.77,2.19,3.38,2.06
_______,plintus,plinth,Ground,concrete,7,m,0.3,4.07,2.42,1.48,1.02,1.41,1.02,1.36,0.78,3.41,2.35,6.45,0.99,3.97,2.28,2.09,1.53,8.6,2.95,2,1.39
____,plot,raft,Transport,concrete,4,m,1,3.9,2.16,2,1.69,1.93,1.57,1.6,1.43,3.17,2.38,6.28,1.03,5.26,2.13,2.16,1.11,6.3,2.37,2.17,1.49
_______,povozka,wagon,Transport,concrete,7,f,0.8,4.34,2.32,3.25,1.84,1.72,1.36,1.23,0.87,3.32,2.45,6.11,1.26,5.06,2.02,2.71,1.24,7.23,2.65,2.53,1.81
______,pogreb,cellar,Building,concrete,6,m,1,4.16,2.25,1.75,1.27,4.2,2.06,2.22,1.8,2.77,1.8,6.34,1.37,5.63,1.54,1.42,1.15,5.07,2.42,3.5,1.68
______,podval,basement,Building,concrete,6,m,1.5,4.19,2.44,2,1.81,4.07,1.85,1.36,0.79,2.64,2.23,6.5,0.96,3.65,2.2,1.32,0.73,4.2,1.81,4.2,2.02
________,podnozhka,backheel,Action,abstract,8,f,0.8,2.59,1.9,1.8,1.35,1.41,1.15,1.28,0.53,4.08,2.43,5.13,1.66,2.43,2.33,1.79,1.27,6.07,3.26,2.83,1.51
______,pod'em,raising,Action,abstract,6,m,1.6,3.21,1.99,2.14,1.62,1.41,1.24,1.31,1.17,2.83,1.87,4.33,1.82,4.38,2.29,5.19,1.94,5.37,2.78,4.82,1.7
_____,poezd,train,Transport,concrete,5,m,2,5.17,2.07,5.63,1.73,3.07,2.19,2.11,1.69,4.07,2.05,6.7,0.61,5.63,1.79,3.35,1.55,4.5,2.26,4.57,1.83
_____,poisk,search,Action,abstract,5,m,2,4.03,2.34,2.22,1.5,1.87,1.7,1.17,0.38,2.21,1.78,3.82,1.94,4.23,2.04,4.66,1.82,7.15,3.63,5.62,1.4
___,pol,floor,Ground,concrete,3,m,1.2,4.26,2.21,2.5,1.62,1.87,1.22,1.52,1.01,4.92,2.1,5.39,2.17,3.8,2.31,2,1.48,3.13,1.81,5.58,1.86
_____,polet,flight,Action,abstract,5,m,1.8,3.8,1.95,3.26,2.1,1.8,1.49,1.33,0.84,2.41,1.72,5.24,1.55,3.19,2.09,6.13,1.45,5.04,2.19,3.55,1.76
_______,polovik,doormat,Object,concrete,7,m,0.4,4.6,2.33,1.46,1.17,1.96,1.31,1.18,0.55,4.15,2.11,6.03,1.64,4.65,2.26,1.63,1.31,5.62,2.3,2.87,1.74
_______,pomidor,tomato,Food,concrete,7,m,1.2,4.55,2.16,1.55,1.18,4.75,2.01,6.48,1,4.45,2.23,6.69,0.93,5.03,1.9,2.36,1.37,3.87,1.57,4.59,1.45
_________,ponimanie,understanding,Intelligence,abstract,9,n,1.9,1.63,1.38,2.96,2.24,1.58,1.55,1.29,1.15,1.85,1.63,3.14,1.84,2.03,1.79,4.63,1.88,6.58,2.82,5.8,1.52
_______,ponyatie,notion,Intelligence,abstract,7,n,2.1,2,1.7,2.7,2.23,1.4,1.07,1.4,1.3,1.59,1.38,3.28,2,1.73,1.44,4.63,1.64,9.81,2.72,5.1,2.14
_______,popyitka,attempt,Action,abstract,7,f,2,2.1,1.63,1.53,0.9,1.41,1.15,1.25,0.84,1.76,1.7,2.48,1.67,3.16,2.02,4.08,1.87,6.27,2.21,5.43,1.4
_____,porog,threshold,Ground,concrete,5,m,1.8,3.53,2.21,1.56,0.89,1.5,1.22,1.23,1.1,2.76,2.18,5.72,1.46,2.35,2.18,2.22,1.48,4.48,2.19,4.14,2.01
_______,potolok,ceiling,Space,concrete,7,m,1.8,4.73,2.32,1.86,1.67,1.5,1.17,1.14,0.76,2.93,2.11,6.9,0.31,4.3,2.58,5.19,1.62,3.42,1.5,5.27,1.8
_____,pohod,hike,Action,abstract,5,m,1.6,4.06,2.11,2.36,1.66,2.83,1.75,2.73,2.07,2.86,2.09,5.39,1.4,4.45,2.11,2.88,1.39,6.53,2.16,3.53,1.87
_____,pochva,soil,Ground,concrete,5,f,1.8,3.43,2.25,1.63,1.35,3.93,2.17,2.57,1.79,4.69,1.98,5,1.8,4.09,2.25,1.68,1.53,5.97,2.25,3.75,2.03
_____________,predstavlenie,conception,Intelligence,abstract,13,n,2.2,4.2,2.3,3.07,1.88,1.93,1.53,1.33,1.06,1.93,1.65,3.59,1.97,2.65,2.18,5.53,1.48,6.93,2.85,4.24,1.86
_________,prezrenie,contempt,Sense_Emotion,abstract,9,n,1.2,2.75,2.26,1.68,1.25,1.59,1.3,1.45,0.91,1.39,0.79,3.75,1.67,1.87,1.67,3.68,1.66,9.5,2.83,3.2,1.94
_____,priem,reception,Action,abstract,5,m,2,2.7,1.95,2.41,2.04,1.6,1.22,1.33,1.03,1.59,1.09,4.07,2.09,4.42,2.16,3.59,1.48,7.85,2.57,4.59,2.04
________,pricheska,hairstyle,Body_Part,concrete,8,f,1.2,4.6,1.89,1.74,1.23,1.9,1.47,1.5,1.2,3.76,2.39,6.14,1.33,5.77,1.8,3.94,1.61,5.26,2.33,5.1,1.76
______,proval,failure,Ground,concrete,6,m,1.4,3.19,2.43,1.82,1.52,1.25,0.59,1.45,0.86,2,2.11,3.46,1.45,2,1.65,2.06,1.41,7.14,2.79,4.03,2.11
____________,proiznoshenie,pronunciation,Sound,concrete,12,n,0.7,1.97,1.38,5.28,1.83,1.66,1.4,1.27,0.72,1.62,1.32,2.89,1.5,1.53,1.31,4.52,1.82,8.23,3.28,4.9,1.86
_______,prorub,ice-hole,Ground,concrete,7,f,0.6,4.1,2.4,2.23,1.63,1.93,1.41,1.82,1.7,3.97,2.13,6.04,1.22,4.94,1.66,1.78,1.58,6.5,2.53,2.61,1.47
____________,prostranstvo,space,Space,concrete,12,n,2.2,3.53,2.33,2.32,2.04,1.65,1.35,1.04,0.19,3.04,2.17,3.97,2.15,2.46,2.06,5.22,2.18,8.04,3.7,4.7,1.6
____,prud,pond,Ground,concrete,4,m,1.4,3.76,2.29,3.23,2.42,2.48,2.01,2.03,1.5,3.08,2.22,6.5,0.94,2.2,1.49,2.33,1.59,5.37,2.88,2.93,1.44
______,pryizhok,jump,Action,abstract,6,m,1.3,3.34,1.99,2.7,2.07,1.24,0.83,1.34,0.77,2.58,2.15,5.03,1.5,3.03,2.16,3.97,1.7,3.9,2.64,4.43,1.89
_____,ptitsa,bird,Animal,concrete,5,f,2,5.22,2.12,4.74,1.93,3.07,1.6,2.86,1.91,3.46,2.22,6.79,0.42,2.32,1.96,6.12,1.63,3.07,1.6,5.13,1.61
________,pugovitsa,button,Clothes,concrete,8,f,1.3,4.5,2.36,1.57,1.23,1.41,1.24,1.71,1.1,4.21,2.3,6.79,0.5,6.35,1.25,3.29,1.38,3.87,1.8,4.43,1.76
____,pulya,bullet,Tool_precise_grip,concrete,4,f,1.7,4.45,2.23,4.45,2.21,1.93,1.51,1.28,1,4.55,2.69,6.52,1.6,3.28,2.05,4.16,1.74,5.11,2.58,3.39,1.5
_____,pyatka,heel,Body_Part,concrete,5,f,1.1,3.72,2.39,1.38,1.05,2.97,2.34,1.45,0.97,4,2.33,6.41,1.38,2.73,2,2.09,1.59,3.53,1.41,3.45,1.62
__________,ravnodushie,indifference,Sense_Emotion,abstract,10,n,1.1,2.55,1.67,2.07,2.12,1.3,0.84,1.85,1.41,2.08,1.9,3.29,1.58,1.4,0.81,3.75,1.63,8.63,2.7,4.73,1.78
_______,radost,joy,Sense_Emotion,abstract,7,f,2.1,2.48,1.9,4.21,2.23,1.9,1.5,2.28,2.14,2.34,2.09,4.08,1.89,2.21,1.7,5.31,1.84,3.67,1.9,5.57,1.55
______,raduga,rainbow,Space,concrete,6,f,1,5.83,1.8,1.86,1.94,2.19,1.58,1.64,1.62,1.74,1.77,6.69,0.89,2.51,2.55,6.13,1.39,3.65,2,3.67,1.77
_____________,razocharovanie,disappointment,Sense_Emotion,abstract,13,n,1.2,2.4,1.73,2.19,1.49,1.4,0.77,2.03,1.88,1.45,1.21,4.28,1.71,2.19,2.02,3.81,1.96,8.96,3.23,4.14,1.64
______,raketa,rocket,Transport,concrete,6,f,1.8,3.97,2.16,5,1.77,2.76,1.81,1.52,1.23,2.72,2.05,6.59,1.21,5.33,2.17,5.91,1.63,4.9,1.84,2.86,1.81
_______,ranenie,wound,Sense_Phys,abstract,7,n,1.2,4.2,2.14,3.23,1.98,1.97,1.32,1.96,1.75,4.97,2.16,5.11,1.72,5.13,1.64,3.16,2.13,6.37,2.55,3.78,1.87
_______,rassvet,dawn,Space,concrete,7,m,1.4,5.63,1.79,2,1.69,2.47,1.94,1.47,0.97,1.62,1.4,6.07,1.67,1.35,1.25,5.66,1.72,5.93,2.62,3.79,1.72
________,rascheska,comb,Tool_power_grip,concrete,8,f,0.6,4.38,2.31,2.1,1.32,2.38,1.76,1.42,0.87,5.17,1.69,6.83,0.54,6.4,1.16,2.97,1.69,3.8,1.21,4.79,1.97
__________,rasshirenie,widening,Action,abstract,10,n,1.6,3.76,2.32,1.59,1.09,1.34,0.86,1.14,0.58,2.17,1.87,3.12,1.77,2.76,2.26,4.16,1.92,9.74,2.98,3.79,1.97
________,revnost,jealousy,Sense_Emotion,abstract,8,f,1.2,2.1,1.58,3.21,1.97,1.65,1.16,1.25,0.93,1.7,1.38,3.61,1.4,2.08,1.71,3.47,1.76,8.88,3.73,4.03,2.19
_____,rezets,cutter,Tool_power_grip,concrete,5,m,0.6,3.21,1.91,2.7,2,1.28,0.75,2,1.67,3.58,2.3,4.1,2.26,5.14,2.42,2.64,1.43,8.43,3.86,2.83,1.9
____,rech,speech,Sound,concrete,4,f,2.4,2.21,1.42,5.76,1.64,1.31,0.76,1.52,1.3,1.55,0.95,3.5,1.73,2,1.51,4.82,1.74,5.23,1.92,5.59,1.76
_______,rozetka,socket,Object,concrete,7,f,0.8,4.17,2.25,1.73,1.57,1.66,1.11,1.61,1.59,4.66,1.8,6.67,0.62,6.16,1.19,2.84,1.3,4.23,1.76,5.89,1.17
_______,rubanok,plane,Tool_power_grip,concrete,7,m,0.3,4,2.27,2.96,2.03,2.27,1.41,1.33,1.21,3.45,2.21,5.41,1.92,6.19,1.83,2.84,1.16,9.04,2.9,2,1.25
_______,ruletka,tape-measure,Tool_precise_grip,concrete,7,f,0.7,4.91,2.4,3.38,1.96,1.25,0.52,1.32,0.95,3.79,2.54,5.86,1.53,6.1,1.22,2.44,1.21,6.67,2.58,2.8,1.77
_____,ruchka,pen,Tool_precise_grip,concrete,5,f,1.8,4.47,2.16,1.89,1.42,2.6,1.99,2.13,1.72,5.66,1.88,6.62,0.9,6.77,0.5,3.03,1.09,3.63,1.52,6.34,1.01
_____,ryumka,small liqueur glass,Tool_precise_grip,concrete,5,f,1.5,3.93,2.23,3.53,2.13,2.79,2.26,3.62,2.18,4.5,2.36,6.63,0.89,6,1.41,2.7,1.59,6.57,3.09,3.23,1.96
______,ryabina,rowan,Food,concrete,6,f,0.8,4.72,2.17,1.7,1.37,4.72,2.23,4.69,2.21,3.67,2.22,6.57,0.9,3.1,2.25,3.48,1.54,4.63,1.61,3.27,1.53
_______,samokat,scooter,Transport,concrete,7,m,0.3,4.17,2.28,2.57,1.89,1.62,1.32,1.62,1.59,4.42,2.52,6.67,0.88,6.23,1.19,2.03,1.19,5.6,2.87,2.6,1.38
_______,samolet,airplane,Transport,concrete,7,m,2.2,5.22,2,5.75,1.65,2.45,1.86,1.86,1.64,3.46,2.5,6.89,0.31,5.71,1.79,6.21,1.43,4.5,2.08,4.67,1.77
________,sandaliya,sandal,Clothes,concrete,8,f,0.7,4.75,2.41,1.75,1.62,2.28,1.53,1.36,1.05,4.21,2.35,6,1.92,4.63,2.11,1.97,1.51,5.78,3.07,2.17,1.7
____,sani,sleigh,Transport,concrete,4,plur_tant,1.1,4.37,2.36,2.43,1.96,1.76,1.33,1.82,1.72,4.24,1.99,6.11,1.63,5.78,1.45,2.46,1.66,4.4,2.24,3.19,2.09
_____,sanki,sled,Transport,concrete,5,plur_tant,0.8,3.93,2.2,2.38,1.72,1.69,1.17,1.31,1.14,4.28,2.33,6.85,0.77,5.03,2.01,1.66,0.79,3.11,1.55,2.93,1.76
_____,sapog,jackboot,Clothes,concrete,5,m,1.8,5.19,1.97,2.21,1.4,3.07,1.64,1.41,0.84,4.46,1.9,6.93,0.37,5.17,1.97,1.97,1.02,3.53,1.61,5.31,1.74
______,svekla,beet,Food,concrete,6,f,0.9,3.76,2.21,1.63,1.63,4.86,1.98,5.62,1.86,4.33,2.2,6.63,0.96,3.43,2.08,2,1.52,4.63,2.61,3.8,1.47
______,svinya,pig,Animal,concrete,6,f,1.4,3.97,2.15,3.17,2.09,4.28,2.34,4.03,2.56,3.28,2.14,6.48,1.09,3,2.2,2.48,1.56,4.53,2.6,3.17,1.63
______,serga,ear-ring,Clothes,concrete,6,f,0.8,4.34,2.3,2.59,1.78,1.59,1.15,1.61,1.27,4.76,2.17,6.55,1.27,5.57,1.79,3.7,1.61,4.97,1.96,4.03,1.95
______,szhatie,compression,Action,abstract,6,n,0.8,2.93,2.12,2.1,1.54,1.38,1.08,1.03,0.19,4.52,2.69,3.48,1.74,4.79,2.21,3.53,1.65,9.37,3.4,3.46,1.75
______,sinitsa,tit,Animal,concrete,6,f,0.6,4.52,2.15,2.83,1.75,2,1.58,2.03,1.81,2.97,2.15,6.45,1.35,2.27,1.78,4.64,1.88,5.03,2.01,2.62,1.35
_________,skalpel,scalpel,Tool_precise_grip,concrete,9,m,0.5,4.3,2.25,2.27,1.76,1.48,0.87,1.89,1.69,5.03,2.13,5.93,1.57,6.38,1.34,2.97,1.55,8.43,3.32,2.29,1.36
_____,skeyt,skateboard,Transport,concrete,5,m,0.2,4.9,2.24,2.79,1.75,1.37,0.96,1.26,0.94,4.04,2.09,6.59,1.3,4.77,2.19,2.52,1.35,8.6,2.71,2.54,1.56
_________,skovoroda,pan,Tool_power_grip,concrete,9,f,0.8,4.73,2.36,3.03,1.92,2.76,1.72,3.46,1.99,5.17,1.75,6.44,1.05,6.59,0.95,2.38,1.16,5.13,1.85,6.04,1.32
_____,skotch,sticky tape,Tool_precise_grip,concrete,5,m,0.5,3.72,2.46,3.21,2.09,3.48,2.44,2.55,2.22,4.66,2.24,6.28,1.36,6.07,1.36,2.45,1.42,6.03,2.58,3.69,1.58
_______,skrepka,paper-clip,Tool_precise_grip,concrete,7,f,0.5,4.75,2.29,1.82,1.52,1.9,1.54,1.5,1.06,4.25,2.22,6.57,1,6.1,1.49,2.56,1.33,5.73,1.62,4.67,2.06
_____,skuka,boredom,Sense_Emotion,abstract,5,f,1.2,2.44,1.74,1.75,1.24,1.41,1.32,2,1.6,1.39,1.03,3.82,1.59,1.84,1.49,3.56,1.73,6.5,2.89,4.47,1.53
_____,sliva,plum,Food,concrete,5,f,0.8,4.07,2.2,1.59,1.62,4.86,2.01,6.17,1.54,4.9,2.24,6.78,0.8,4.41,2.18,4.31,1.73,3.74,1.91,3.32,1.79
_____,slovo,word,Sound,concrete,5,n,3,2.97,1.99,4.9,2.16,1.28,0.75,1.83,1.73,1.17,0.48,4.45,2.23,1.97,1.9,4.55,2.02,3.93,2.26,6.17,1.39
____,slon,elephant,Animal,concrete,4,m,1.4,4.6,2.36,3.22,2.03,2.37,1.59,1.7,1.42,3.66,2.35,6.55,1.09,2.65,2.24,4.28,1.95,4,1.66,2.41,1.35
____,sluh,hearing,Sense_Phys,abstract,4,m,1.9,2.21,1.61,5.41,2.57,1.45,1.35,1.07,0.37,1.89,1.73,2.65,1.74,1.72,1.28,4.28,1.78,4.59,2.21,5.11,1.69
_________,smorodina,currant,Food,concrete,9,f,0.8,4.55,2.31,1.55,1.3,5.17,2.11,6.36,1.43,4.38,2.18,6.55,1.21,4.43,2.22,2.85,1.54,5,1.72,2.93,1.65
________,smuschenie,embarrassment,Sense_Emotion,abstract,8,n,1,2.33,1.63,2.29,1.7,1.81,1.58,1.29,0.9,1.85,1.77,3.93,1.67,2.14,1.8,4.09,1.99,6.24,2.49,3.93,1.82
_____,smyisl,sense,Intelligence,abstract,5,m,2.5,1.83,1.51,2.07,1.98,1.52,1.3,1.21,0.68,1.28,0.88,2,1.08,1.41,1.27,5.19,2.04,8.33,3.27,6.29,0.85
______,smyichok,fiddlestick,Tool_power_grip,concrete,6,m,0.6,4.47,2.53,4.39,1.89,1.24,0.69,1.27,0.77,4.11,2.57,6.18,1.25,5.87,1.89,3.26,1.5,7.07,2.52,1.87,1.14
_______,snegir,bullfinch,Animal,concrete,7,m,0.3,4.62,1.92,3.45,2.25,1.83,1.39,1.97,1.9,3.28,2.31,6.59,0.84,2.21,2.06,5.44,1.39,4.7,2.91,3.29,2.24
______,sobaka,dog,Animal,concrete,6,f,2.1,4.97,1.82,5.07,1.72,4.9,2.08,2,1.36,5.42,1.47,6.97,0.18,3.73,2.2,2.85,1.79,3.47,2.87,5.37,1.43
____,sova,owl,Animal,concrete,4,f,1,4.97,1.99,3.59,1.95,1.57,0.97,1.8,1.54,2.79,2.11,6.72,0.75,2.48,2.23,4.65,1.68,4.19,1.82,3.21,1.88
_____,sovet,advice,Intelligence,abstract,5,m,2.4,2.35,1.64,3.54,2.12,1.13,0.43,1.44,1.05,1.19,0.49,2.72,1.71,1.3,0.65,4.36,1.5,6.2,2.47,5.27,1.66
________,soznanie,consciousness,Intelligence,abstract,8,n,2.2,2.59,2.15,2.6,2.19,1.34,0.67,1.66,1.47,1.46,1.14,2.27,1.72,1.9,1.81,5.24,2.09,8.83,3.75,5.03,1.61
_____,sokol,falcon,Animal,concrete,5,m,1,5.1,1.78,3.67,1.84,2.03,1.55,1.66,1.42,2.63,1.88,6.57,0.86,2,1.82,5.27,1.79,5.63,2.95,3.23,1.5
______,solntse,sun,Space,concrete,6,n,2.2,5.55,1.62,2,1.88,1.86,1.53,1.86,1.66,1.96,1.6,6.83,0.53,1.3,1.12,6.61,1.09,2.9,1.75,6.17,1.02
___,son,sleep,Intelligence,abstract,3,m,2.2,4.26,2.08,2.86,1.96,1.67,1.56,2.07,1.75,2.15,1.74,4.38,1.76,1.27,0.83,4.24,2.33,3.5,2.21,6.04,1.4
___,sor,litter,Ground,concrete,3,m,0.7,3.47,2.21,1.69,1.47,1.83,1.49,1.39,1.23,3.38,2.48,4.27,1.61,4.22,1.95,1.78,1.57,6.71,3.18,3.57,2.17
________,sochnost,succulence,Sense_Phys,abstract,8,f,0.2,2.45,1.92,2.23,1.74,3.34,2.14,5.14,2.29,1.83,1.31,3.52,2.08,1.53,1.01,3.45,1.92,6.6,2.63,3.23,1.77
__________,sochuvstvie,sympathy,Sense_Emotion,abstract,10,n,1.3,1.47,0.97,2.79,1.79,1.65,1.41,1.39,1.29,2.37,1.9,2.96,1.55,2.32,1.86,4.34,1.73,7.08,2.94,4.5,1.66
___________,spokoystvie,composure,Sense_Emotion,abstract,11,n,1.3,2.83,2.13,3.11,2.28,2.1,1.88,1.67,1.56,1.48,1.27,4.32,1.94,2.06,1.93,4.78,1.75,7.27,3.17,5.1,2.04
_____,spusk,descending,Action,abstract,5,m,1.3,4.13,2.11,2.43,1.5,1.33,1.15,1.41,1.05,2.19,1.77,5.24,1.72,3.23,1.91,2.45,1.72,5.93,2.1,4.27,1.89
_______,sputnik,satellite,Space,concrete,7,m,1.5,3.62,2.09,2.97,2.24,1.62,1.7,1.31,0.71,2.75,2.17,5.53,1.93,3.9,2.37,6.42,1.25,6.6,2.79,3.97,1.67
______,stakan,glass,Tool_power_grip,concrete,6,m,1.9,4.43,2.39,2.43,1.94,1.72,1.13,3.11,2.2,4.79,2.34,6.7,0.54,6.44,1.19,2.84,1.28,3.67,1.84,5.96,1.69
_______,stepler,stapler,Tool_power_grip,concrete,7,m,0,4,2.28,2.79,1.97,1.39,1.2,1.52,1.06,4.72,2.14,6.66,0.97,6.27,1.39,2.64,1.45,7.93,2.75,3.48,1.7
______,stimul,stimulus,Intelligence,abstract,6,m,1.1,2.27,1.87,2.13,1.94,1.31,0.89,1.71,1.72,1.79,1.59,2.6,1.55,2.13,1.56,4.62,1.95,8.8,3.09,5.04,1.79
_____,stopa,foot,Body_Part,concrete,5,f,1.1,3.53,2.27,2,1.21,2.3,1.74,1.3,0.75,4.79,2.23,6.21,1.35,1.87,1.75,1.81,1.15,5.48,2.28,3.55,1.68
_________,stradanie,suffering,Sense_Emotion,abstract,9,n,1.6,2.4,1.96,3.36,2.25,1.69,1.49,1.54,1.37,2.27,2.09,3.39,1.57,2,1.72,3.5,2,7.77,3.57,3.73,1.95
_______,strast,passion,Sense_Emotion,abstract,7,f,0.2,3.37,2.11,3.27,2.33,1.9,1.82,2.89,2.28,2.76,2.29,3.29,1.81,4,2.5,4.86,1.96,9.07,3.31,5.11,1.91
_________,strategiya,strategy,Intelligence,abstract,9,f,1.6,3.03,2.25,2.13,1.59,1.41,1.21,1.43,1.26,1.72,1.69,3.12,1.92,2.68,2.06,4.32,1.94,9.13,2.33,4.43,2.17
_____,strah,fear,Sense_Emotion,abstract,5,m,2.1,2.73,2.07,3.21,2.1,2.38,2.16,1.79,1.5,2.48,2.17,4.07,1.47,2.43,2.14,3.69,1.8,3.92,1.9,4.6,1.87
______,strela,arrow,Tool_precise_grip,concrete,6,f,1.3,4.28,2.43,3.55,1.94,1.31,0.81,1.31,0.85,4.31,2.38,6.59,0.84,5.21,2.34,4.78,1.7,5.11,2.41,3.46,1.64
______,stress,stress,Sense_Emotion,abstract,6,m,1.1,2.21,1.78,2.5,1.96,1.69,1.54,1.83,1.39,1.67,1.17,2.79,1.61,2,1.84,4.3,2.02,9.17,3.4,4.6,1.67
____,stuk,knock,Sound,concrete,4,m,0.2,1.8,1.19,5.48,2.06,1.1,0.4,1.13,0.43,2.83,1.98,4.75,1.96,5.84,1.9,3.41,1.58,4.41,1.76,4.21,2.06
____,styid,shame,Sense_Emotion,abstract,4,m,1.4,2.53,1.8,2.2,1.9,1.48,1.24,1.64,1.59,2.03,1.97,2.85,1.67,1.75,1.55,3.08,2.05,5.97,2.68,4.14,1.96
_____,sueta,vanity,Action,abstract,5,f,1.3,3.58,1.98,3.61,1.93,1.13,0.43,1.5,1.14,2,1.65,4.29,1.51,2.33,1.88,3.73,1.92,7.6,2.22,4.31,1.59
_______,suzhenie,narrowing,Action,abstract,7,n,0.5,3.76,2.17,1.13,0.51,1.21,0.68,1.54,1.4,2.38,1.84,2.65,1.41,2.16,1.53,2.73,1.82,8.27,2.75,2.82,1.61
_______,suhost,dryness,Sense_Phys,abstract,7,f,0.6,2.31,1.85,1.72,1.36,2.1,1.54,2.97,2.31,3.14,2.13,4,1.71,2.2,1.79,3.12,1.8,5.93,2.41,3.79,1.59
_______,schaste,happiness,Sense_Emotion,abstract,7,n,2.2,2.73,1.76,3.59,2.52,2.77,2.22,2.13,1.74,1.97,1.61,4.36,2.06,2.77,2.03,5.91,1.28,6.56,3.18,5.17,1.81
_______,syirost,dampness,Sense_Phys,abstract,7,f,0.9,2.84,1.95,1.61,1.26,5.17,1.56,2.05,1.25,4.07,2.43,4,1.52,1.9,1.74,1.94,1.41,6.6,3.02,4.1,1.69
_______,taktika,tactics,Intelligence,abstract,7,f,1.3,2.93,1.53,2.11,1.63,1.3,0.84,1.27,0.87,1.66,1.26,3.71,2.11,2.65,1.98,4.66,1.6,9.63,2.4,4.14,1.96
____,tank,tank,Transport,concrete,4,m,1.7,4.52,2.13,4.34,2.18,2,1.36,1.45,1.18,3.55,2.28,6.69,1.17,5.1,2.37,2.91,1.55,5.07,2.07,2.97,1.99
_______,tapochka,slipper,Clothes,concrete,7,f,1,4.71,2.27,1.64,0.99,1.87,1.22,1.11,0.42,4.77,2.08,6.36,1.39,3.83,2.04,2.06,1,5.59,3.25,3.62,2.33
_______,tarakan,cockroach,Animal,concrete,7,m,1.1,4.07,2.32,1.24,0.69,1.76,1.24,2.24,1.95,3.76,2.29,6.93,0.26,2.33,1.94,2.06,1.6,4.47,1.66,3.79,1.9
_______,tarelka,plate,Tool_power_grip,concrete,7,f,1.6,4.83,1.98,2.46,1.67,2.54,1.68,3,1.85,5.07,1.59,6.86,0.44,6.46,1.26,3.38,1.07,2.81,1.83,6.53,0.97
_________,tverdost,hardness,Sense_Phys,abstract,9,f,0.9,2.31,2.14,1.86,1.72,1.19,0.63,1.68,1.49,4.78,1.8,3.48,1.86,2.59,2.27,2.72,1.51,5.73,2.89,4.1,1.63
_______,telezhka,small cart,Transport,concrete,7,f,1.1,4.17,2.41,3.37,2.24,1.48,1.02,1.39,0.99,4.28,1.93,5.7,1.44,6.09,1.3,2.54,1.46,5.03,1.99,2.96,1.75
_______,telefon,phone,Tool_precise_grip,concrete,7,m,2.2,4.53,2.64,5.3,1.91,1.83,1.83,1.89,1.89,5.83,1.87,6.22,1.22,6.59,1.13,2.92,1.46,4.23,2.21,6.79,0.57
______,teoriya,theory,Intelligence,abstract,6,f,2.1,2,1.41,1.9,1.97,1.41,1.02,1.41,1.21,1.5,1.35,2.59,1.78,1.97,1.61,4.94,1.8,10.27,3.22,5.53,1.48
________,teplohod,motor ship,Transport,concrete,8,m,1,4.57,2.25,4.07,2.16,1.92,1.23,1.29,1.01,2.85,2.27,5.9,1.4,5.11,2.12,3.13,1.72,6.42,3,2.33,1.42
____,tigr,tiger,Animal,concrete,4,m,1.2,5.84,1.65,5.3,1.73,2.83,2,1.55,0.91,4.07,2.43,6.89,0.42,2.06,1.73,2.53,1.28,3.33,1.65,3.93,1.89
___,ton,tone,Sound,concrete,3,m,1.9,2.07,1.68,3.53,2.5,1,0,1.39,1.2,1.62,1.4,2.42,1.53,1.69,1.28,4,1.91,7.63,2.88,4.14,2.03
_____,topor,axe,Tool_power_grip,concrete,5,m,1.4,4.75,2.46,4.07,2.42,2.14,1.98,1.45,0.86,4.82,2.34,6.93,0.26,6.42,1.36,2.68,1.34,4.55,2.63,3.5,1.85
_____,toska,yearning,Sense_Emotion,abstract,5,f,1.7,2.46,1.9,1.69,1.37,1.55,1.06,1.61,1.54,1.69,1.37,3.66,1.82,1.67,1.18,3.45,2,8.13,3.1,4.59,1.96
_______,tochilka,pencil sharpener,Tool_precise_grip,concrete,7,f,0,3.21,2.27,3.66,1.93,2.03,1.5,1.24,0.79,4.97,2.4,6.22,1.25,6.41,1.02,2.69,1.53,6.26,1.75,3.79,2.36
_______,toshnota,nausea,Sense_Phys,abstract,7,f,0.9,2.03,1.4,2.29,1.61,3.8,1.81,3.54,2.02,2.92,2,4.11,1.77,1.83,1.26,2.64,1.56,6.27,2.36,4.15,2.07
_____,trava,grass,Ground,concrete,5,f,2,5.07,2.21,2.27,1.74,5.38,2.06,3.75,1.94,5.45,1.7,6.52,0.85,3.88,2.17,1.95,1.81,3.33,1.79,4.46,2.06
_______,tramvay,tram,Transport,concrete,7,m,1.5,4.17,2.16,3.66,1.74,3.14,2.13,1.64,1.34,4,2.12,6.83,0.47,4.9,2.35,3.27,1.81,5.73,2.49,4.38,1.99
_______,trevoga,anxiety,Sense_Emotion,abstract,7,f,1.7,2.7,2.07,3.33,2.5,1.34,1.08,1.86,1.67,1.93,1.73,2.84,1.57,2,1.61,3.73,1.94,6.63,2.87,4.43,1.95
__________,trolleybus,trolleybus,Transport,concrete,10,m,1.2,4.52,2.15,3.45,1.92,2.59,1.76,1.52,1.03,4,2.02,6.69,0.93,4.8,2.31,3.48,1.77,6.13,2.36,4.79,1.78
_______,trotuar,sidewalk,Ground,concrete,7,m,1.4,4.97,2.25,2.07,1.65,2.5,1.8,1.45,1.01,3.54,2.19,6.43,0.74,3.19,2.44,1.65,1.12,5.77,2.03,4.5,1.81
_____,tuflya,shoe,Clothes,concrete,5,f,1.4,4.31,2.19,2.97,2.08,2.34,1.65,1.62,1.21,5.21,1.98,6.8,0.55,4.3,2.22,1.94,1.32,3.8,1.95,4.47,1.74
____,tucha,cloud,Space,concrete,4,f,1.4,4.66,1.93,2.66,1.99,2.24,1.64,1.38,1.08,1.76,1.53,6.78,0.51,2.66,2.48,6.41,1.46,3.37,2.1,4.43,1.85
_____,tyikva,pumpkin,Food,concrete,5,f,0.8,3.86,2.12,1.93,1.72,4.93,2.17,5.1,2.01,4.21,2.23,6.87,0.43,3.9,1.81,2.21,1.22,4.57,1.96,2.83,1.46
____,tyaga,draught,Action,abstract,4,f,1.2,2.21,1.54,1.62,1.21,1.17,0.47,1.45,1.12,2.38,1.68,3.11,2.11,3.23,2.28,3.33,2.04,9.77,3.37,3.21,2.02
__________,uglublenie,cavity,Ground,concrete,10,n,1,3.32,2.09,1.43,1.07,1.27,0.94,1.37,1.08,2.54,1.98,4.32,2,3.8,2.12,1.85,1.6,7.67,2.68,3.96,1.84
________,ugolnik,set square,Tool_precise_grip,concrete,8,m,0,4.23,2.51,1.5,0.96,1.35,0.85,1.07,0.26,3.3,2.09,4.93,2.05,5.27,2.16,3.28,1.59,7.91,2.73,1.93,1.17
____,udar,blow,Action,abstract,4,m,2.2,3.38,2.04,4.89,2.02,1.9,1.63,1.82,1.53,5.32,2.29,5.25,1.51,5.81,1.7,3.47,1.58,4.07,1.7,5.03,1.9
________,udarenie,emphasis,Sound,concrete,8,n,0.8,2.48,1.86,4.68,2.2,1.24,0.69,1.07,0.26,1.79,1.82,3.16,1.57,2,1.65,3.19,1.74,6.78,1.63,5,1.91
_________,udivlenie,surprise,Sense_Emotion,abstract,9,n,1.8,3.47,2.12,2.57,2.03,1.96,1.64,2.32,1.99,1.89,1.99,4.42,1.6,2.48,1.9,4.68,1.57,5.5,2.26,5.43,1.74
____________,udovolstvie,pleasure,Sense_Emotion,abstract,12,n,2.1,2.94,1.98,2.22,1.65,3.17,2.05,4.05,2.46,3.68,2.68,4.79,1.5,2.65,2.03,5.03,1.4,6.33,2.81,5.97,1.3
_____,ukrop,dill,Food,concrete,5,m,0.7,3.45,2.01,1.48,1.55,5.46,1.75,5.38,2.04,4.45,2.37,6.89,0.32,4.93,2.3,1.84,1.32,4.52,2.34,4.11,1.79
______,umenie,skill,Intelligence,abstract,6,n,1.6,2.53,2,2.41,1.65,1.4,0.89,1.57,1.61,2.21,1.7,3.9,1.65,4.74,2.46,4.59,1.76,6.78,2.75,5.66,1.47
______,unyinie,despondency,Sense_Emotion,abstract,6,n,0.8,2.52,1.66,2.13,1.59,1.62,1.68,1.76,1.41,1.21,0.59,3.14,2.1,1.9,1.92,3.18,2.05,8.07,3.36,4.17,1.74
____,urna,urn,Object,concrete,4,f,0.9,4.34,2.33,2.24,1.77,3.72,2.15,1.34,1.17,3.69,2.33,6.33,1.39,4.48,2.18,2,1.19,6.44,2.93,4.54,1.77
____,utka,duck,Animal,concrete,4,f,1.1,3.86,2.12,4.1,2.21,2.24,1.48,4,2.42,3.59,2.29,6.85,0.46,3.59,2.23,3.13,1.96,3.07,1.66,3.14,1.53
___,uho,ear,Body_Part,concrete,3,n,2.1,3.07,2.19,6.07,1.75,1.97,1.76,2.09,1.88,4.03,2.35,6.62,1.05,3.1,2.17,3.85,1.8,2.93,1.34,4.69,1.44
____,uhod,care,Action,abstract,4,m,1.7,2.76,1.79,1.8,1.3,1.41,1.3,1.66,1.49,1.46,1.06,3.13,1.48,4,2.32,3.18,1.78,6.13,2.94,4.38,1.72
____,fakt,fact,Intelligence,abstract,4,m,2.2,2.63,1.98,1.64,1.45,1.55,1.09,1.32,0.84,1.75,1.43,3.04,1.6,1.42,0.81,3.65,1.63,7.6,2.77,5.73,1.6
______,faktor,factor,Intelligence,abstract,6,m,2,1.79,1.63,1.41,1.21,1.28,1,1.41,1.27,1.34,0.77,2.41,1.65,1.76,1.46,3.84,1.8,9.44,3.41,4.71,1.78
________,fantaziya,fantasy,Intelligence,abstract,8,f,1.5,3.52,2.43,1.93,1.74,1.77,1.68,2.19,1.82,1.62,1.27,3.34,1.93,1.9,1.71,5.67,1.88,6.4,2.33,5.31,1.89
_________,feyerverk,fireworks,Space,concrete,9,m,0.8,5.72,1.51,5.14,1.88,3.14,2.18,1.55,1.28,2.1,1.52,6.93,0.26,4.97,2.03,5.15,1.84,6.3,2.37,2.93,1.44
____,flag,flag,Object,concrete,4,m,1.5,4.45,2.16,2.5,1.87,1.55,1.43,1.62,1.24,3.21,2.13,6.63,1.03,3.5,2.26,5.12,1.54,4.87,2.15,4.2,1.88
________,flamingo,flamingo,Animal,concrete,8,m,0.2,4.24,2.17,2.1,1.73,2.48,1.82,1.45,0.74,2.88,2.13,6.53,0.86,1.97,1.69,2.67,1.31,6.23,2.65,2.13,1.36
_________,flomaster,soft-tip pen,Tool_precise_grip,concrete,9,m,0.5,5.1,2.26,2.39,1.89,3.27,1.56,2.64,1.75,4.74,1.81,6.59,1.05,6.59,1.01,2.63,1.24,3.38,1.68,4.07,1.86
______,fonar,lantern,Object,concrete,6,m,1.5,5.84,1.63,1.93,1.59,1.31,1.14,1.36,0.66,3,2.39,6.54,1.07,4.9,1.94,4.03,1.99,4.33,2.19,4.67,1.86
_____,forma,form,Sense_Phys,abstract,5,f,2.5,4.59,2.18,1.55,1.21,1.52,0.99,1.64,1.19,3.31,2.32,3.96,1.95,3.43,2.36,3.61,1.92,5.33,2.02,4.41,1.8
________,fortochka,ventlight,Object,concrete,8,f,1,4,2.17,3.07,2.22,2.17,1.81,1.24,1.12,4.24,2.39,6.22,1.53,4.66,2.41,4.22,1.77,4.89,2.41,5.14,1.72
______,frisbi,frisbee,Tool_power_grip,concrete,6,m,0,2.79,2.13,1.47,1.11,1.21,0.57,1.39,0.88,3.91,2.47,3.6,2.59,5.96,1.95,3.22,1.72,10.4,3.65,1.67,1.21
_______,furazhka,peak-cap,Clothes,concrete,7,f,1.2,4.17,2.17,1.7,1.32,2,1.39,1.33,0.76,3.86,2.25,6.41,1.09,5.48,1.57,4.26,1.75,5.93,2.25,2.54,2.06
________,hameleon,chameleon,Animal,concrete,8,m,0.4,5.73,1.78,1.39,1.23,1.73,1.31,1.21,0.96,2.63,2.04,6.48,0.99,2.92,2.57,3.34,1.73,6.04,2.44,1.8,0.96
______,hvatka,grasp,Action,abstract,6,f,0.8,2.53,1.89,1.7,1.3,1.43,1.01,1.33,1.21,4.07,2.4,4.21,1.99,5.74,2.07,3.81,1.73,8.07,3.09,2.76,1.6
_____,holod,cold,Sense_Phys,abstract,5,m,1.7,2.84,2.24,2.04,1.67,2.47,1.36,2.59,1.76,4.46,2.4,4.42,1.6,2.6,2.19,4,2.24,3.23,1.38,6.54,0.81
____,hrip,wheeze,Sound,concrete,4,m,0.7,1.62,1.12,4.55,2.13,1.52,1.27,1.66,1.52,2.21,1.72,2.85,1.61,2.17,1.81,3.03,1.66,6.33,2.62,3.11,1.37
____,tsvet,colour,Sense_Phys,abstract,4,m,2.2,5.59,1.96,1.79,1.37,1.59,1.3,2,1.68,2,1.44,4.97,1.95,1.7,1.26,4.48,2.02,3.5,1.72,5.66,1.52
____,tsel,aim,Intelligence,abstract,4,f,2.5,3.45,2.13,1.7,1.58,1.52,1.48,1.79,1.63,1.42,0.83,3.55,1.96,3.63,2.51,5.21,1.71,8.07,3.69,6.07,1.26
_______,tsirkul,compasses,Tool_precise_grip,concrete,7,m,0.4,4.4,2.06,1.85,1.32,1.37,1.1,1.47,0.94,3.97,2.31,6.66,0.81,6.53,1.22,2.88,1.39,7.78,2.36,2.45,1.62
_____,chayka,gull,Animal,concrete,5,f,1.3,4.97,1.94,5.1,1.83,2.07,1.36,2.32,2.2,3.07,2.05,6.33,0.83,2.03,1.89,5.68,1.72,4.93,1.86,2.71,1.84
______,chervyak,worm,Animal,concrete,6,m,0.7,5.13,2.39,1.54,1.4,2.38,1.68,1.91,1.23,3.86,2.58,6.79,0.5,3,2.18,1.44,1.05,3.6,1.73,2.77,1.83
______,cherdak,attic,Space,concrete,6,m,1.2,3.86,2.13,2.31,2.05,2.79,1.9,1.31,0.85,2.93,2.12,6.48,1.05,3.34,2.26,5.06,1.68,5.33,2.37,2.86,1.41
_____,cherep,skull,Body_Part,concrete,5,m,1.4,4.58,2.26,1.89,1.87,1.27,0.78,1.41,0.8,3.73,2.25,6.45,1.35,2.93,2.21,3,1.92,6.4,2.16,2.58,1.7
________,cherepaha,turtle,Animal,concrete,8,f,0.9,4.87,2.17,1.82,1.61,1.7,1.09,2.19,1.75,4.27,1.93,6.9,0.41,2.67,2.02,2.19,1.09,4.87,2.19,3.04,1.66
_______,chereshnya,cherry,Food,concrete,7,f,0.4,4.37,2.03,1.59,1.53,4,2.1,6.33,1.35,3.21,2.38,6.45,0.91,4.16,2.41,3.53,1.48,5.74,2.64,2.69,1.54
_______,chernika,bilberry,Food,concrete,7,f,0.5,4.48,2.23,1.54,1.53,3.93,1.98,5.59,1.89,4,1.62,6.62,0.86,4.73,2.02,3.06,1.48,5.13,2.64,3.19,1.88
_________,chernosliv,prunes,Food,concrete,9,m,0.4,3.97,2.16,1.44,1.05,4,1.89,5.57,1.79,3.38,2.44,6.59,0.91,4.13,2.54,2.94,1.37,6.33,2.45,2.59,1.38
______,chesnok,garlic,Food,concrete,6,m,1,4.03,2.53,1.33,0.96,5.79,1.59,5.71,1.8,5.34,1.93,6.63,0.63,5.13,1.91,2.03,1.4,4.4,1.98,4.25,1.9
_______,chuvstvo,feeling,Sense_Emotion,abstract,7,n,2.4,2.91,2.31,1.96,1.86,2.86,2.15,3.14,2.49,3.11,2.59,3.96,1.75,2.1,1.96,4.38,1.78,5.93,2.39,6.33,1.03
___,shag,step,Action,abstract,3,m,2.3,3.75,2.02,3.11,2.01,1.45,1.55,1.18,0.85,2.39,2.15,5.5,1.43,2.06,1.57,1.79,1.17,3.37,1.61,5.6,1.69
_____,shayba,washer,Tool_power_grip,concrete,5,f,0.8,4.97,2.36,2.54,1.45,1.47,1.14,1.33,0.78,4,2.33,6.66,0.94,4.5,2.21,2.39,1.43,6.9,1.92,2.12,1.42
_____,shapka,cap,Clothes,concrete,5,f,1.6,4.23,2.4,1.82,1.7,1.88,1.68,1,0,4.52,2.17,6.79,0.56,5.81,1.79,4.34,1.86,2.85,1.71,6.1,1.69
_____,shahta,mine,Building,concrete,5,f,1.3,4.19,2.27,2.57,2.06,3.03,2.06,1.44,0.93,2.46,1.58,6.17,1.31,5.53,1.43,1.3,0.95,6.73,2.36,2.27,1.82
______,shvabra,mop,Tool_power_grip,concrete,6,f,0.6,4.9,2.44,2.29,1.54,2.15,1.16,1.29,0.98,4,1.96,6.38,1.37,6.19,1.54,2.81,1.57,4.96,2.25,3.73,2.1
________,shevelyura,chevelure,Body_Part,concrete,8,f,0.7,4.21,2.44,1.38,0.86,2.62,2.08,1.61,1.43,4.28,2.23,5.82,1.66,4.23,2.06,4.3,1.91,8.8,3.13,1.72,0.92
________,shipovnik,briar,Food,concrete,8,m,0.7,4.23,2.24,1.43,1.19,5,2.17,4.89,1.89,4.62,1.8,5.63,1.6,4.29,2.13,2.92,1.71,5,2.24,2.5,1.67
____,shlem,helmet,Clothes,concrete,4,m,1.2,4,2.52,2.07,1.71,1.69,1.17,1.07,0.26,4.57,2.43,6.52,1.25,4.48,2.13,3.81,1.73,5.44,2.42,2.71,1.54
________,shlepanets,flip flop,Clothes,concrete,8,m,0.6,3.69,2.25,2.63,1.87,1.62,1.05,1.66,1.45,4.88,2.13,6.3,1.62,3.66,2.11,2.03,1.57,5.07,2.02,3.1,1.75
______,shlyupka,ship's boat,Transport,concrete,6,f,0.8,3.83,2.14,2.48,1.96,1.59,0.98,1.03,0.19,3.21,2.37,6.11,1.83,5.17,1.56,2.09,1.4,7.48,3.11,2.32,1.25
_____,shlyapa,hat,Clothes,concrete,5,f,1.5,4.1,2.38,1.41,0.98,2.07,1.58,1.52,1,4.38,2.23,6.59,0.91,5.8,1.67,4.3,1.72,4.23,1.48,3.24,1.77
_____,shmel,bumblebee,Animal,concrete,5,m,0.7,4.69,1.95,5,1.93,1.83,1.49,1.31,0.66,3.41,2.46,6.56,0.85,2.72,2.27,4.22,1.83,4.41,1.89,3.07,1.33
______,shnurok,shoelace,Clothes,concrete,6,m,0.9,3.79,2.21,1.55,1.18,1.48,0.83,1.52,1.25,4.31,1.87,6.48,1.24,6.31,1.04,2.12,1.32,4.4,1.22,3.38,1.42
_____,shosse,highway,Ground,concrete,5,n,1.6,4.31,2.24,5.24,2.03,2.31,1.77,1.34,1.17,2.31,2.12,6.44,1.28,2.31,1.65,2.22,1.36,6.33,2.75,3.36,1.64
_____,shpala,sleeper,Ground,concrete,5,f,0.7,4.38,2.32,2,1.63,3.24,2.42,1.36,0.85,3.36,2.26,6.07,1.27,4.06,2.19,1.53,0.66,6.97,3.31,2.83,2.02
_______,shpatel,palette-knife,Tool_power_grip,concrete,7,m,0.2,3.73,2.45,2.47,1.93,2.1,1.59,1.79,1.5,3.79,1.97,5.15,2.03,5.97,1.79,3.08,1.46,8.28,2.86,2.11,1.37
_________,shpingalet,catch,Tool_precise_grip,concrete,9,m,0.3,4.19,2.12,3.5,1.67,1.27,0.69,1.41,0.84,3.42,2.44,5.83,1.58,6.1,1.6,3.15,1.28,7.82,3.58,2.58,1.94
_____,shprits,syringe,Tool_precise_grip,concrete,5,m,0.9,3.72,2.19,1.55,1.12,2.24,1.84,1.52,0.97,4.31,2.38,6.59,1.09,5.43,1.72,2.59,1.72,5.53,2.18,2.48,1.38
_____,shtil,calm,Space,concrete,5,m,0.5,2.76,2.12,3.69,2.52,2.1,1.68,1.17,0.76,3.34,2.39,5.15,1.88,1.93,1.77,3.97,2.12,8.88,3.17,2.29,1.27
______,shtopor,corkscrew,Tool_power_grip,concrete,6,m,0.5,4.84,2.42,2.89,1.79,2.21,2.11,2.68,2.01,4.79,2.25,6.64,0.87,6.23,1.61,2.65,1.3,8,2.44,3.6,2.03
___,shum,noise,Sound,concrete,3,m,1.8,2,1.69,6.17,1.47,1.66,1.45,1.21,0.74,1.62,1.37,3.97,2.13,2.4,1.81,4.33,1.95,4.67,1.83,4.97,1.74
_____,shurup,screw,Tool_precise_grip,concrete,5,m,0.5,4.23,2.31,1.79,1.69,1.62,1.17,1.18,0.77,4.33,2.06,6.52,0.87,5.86,1.77,3,1.44,6.12,2.6,3.33,1.88
_____,shhuna,schooner,Transport,concrete,5,f,0.4,3.4,2.33,2.83,2,1.41,0.84,1.36,1.03,2.57,1.77,3.85,2.38,4.8,2.07,3.28,2.05,9.7,3.01,1.52,0.94
_______,schekolda,latch,Tool_precise_grip,concrete,7,f,0.4,3.28,2.05,3.5,1.94,1.45,1.02,1.41,0.78,4.92,2.04,5.53,1.96,5.9,1.49,2.56,1.39,7.17,3.56,2.8,1.63
_____,schetka,brush,Tool_precise_grip,concrete,5,f,1,4.84,2.34,2.57,2.13,1.76,1.06,2.18,1.68,4.46,2.38,6.61,0.79,6.1,1.56,2.59,1.4,4.2,1.97,4.93,2.13
_____,schiptsyi,tongs,Tool_power_grip,concrete,5,plur_tant,0.4,3.9,2.04,2.14,1.55,1.55,1.27,1.1,0.31,5.24,2.17,6.07,1.49,5.9,1.93,2.35,1.38,6.07,3.12,3.25,1.62
_______,eyforiya,euphoria,Sense_Emotion,abstract,7,f,0.7,2.2,1.56,3.52,2.31,2.63,2.08,2.47,2.16,1.66,1.37,4.07,2,1.97,1.78,5.59,1.5,11.78,3.09,2.9,1.7
__________,elektrichka,electric train,Transport,concrete,10,f,1.2,4.52,2.18,5.48,1.57,2.38,1.68,1.45,1.33,3.03,2.49,6.52,0.89,4.62,2.29,2.78,1.41,6.15,2.46,3.46,2.13
______,emotsiya,emotion,Sense_Emotion,abstract,6,f,1.5,3.91,2.56,3.96,1.9,2.69,2.09,2.64,1.94,2.39,2.35,4.07,1.66,3.03,2.06,4.76,1.39,7.23,2.97,5.7,1.8
______,yabloko,apple,Food,concrete,6,n,1.7,5.58,1.8,2.36,1.93,4.87,1.85,6.04,1.53,5,2,6.93,0.37,5.33,1.9,3.91,1.42,3.03,1.63,6.04,1.73
___,yama,pit,Ground,concrete,3,f,1.5,4.97,2.23,1.82,1.52,2.43,1.57,1.59,1.42,3,1.79,6.62,0.86,4.17,2.12,1.52,0.91,3.97,1.71,4.15,1.97
_______,yarkost,brightness,Sense_Phys,abstract,7,f,0.8,5.03,2.36,1.64,1.57,1.4,1.33,2.85,2.27,1.35,0.85,4.15,1.9,1.87,1.66,5.33,1.88,5.37,1.71,5.62,1.5
______,yastreb,hawk,Animal,concrete,6,m,0.7,5.66,1.84,4.71,1.86,1.83,1.26,1.5,0.96,2.75,2.34,6.43,1,2.1,1.74,5.71,1.68,5.97,2.47,2.73,1.98
____,yahta,yacht,Transport,concrete,4,f,1,4.97,2.18,2.79,2.02,1.57,1.55,1.22,0.58,2.69,1.98,6.59,0.87,5,1.82,3.12,1.29,7.37,2.82,2.54,1.68
_______,yascheritsa,lizard,Animal,concrete,7,f,0.7,4.65,2.39,2.07,1.63,1.63,1.1,1.44,0.85,3.62,1.72,6.62,0.78,2.87,2.03,2.34,1.26,5,1.88,2.62,1.68